customer_id,policy_start_date,policy_end_date
CUST_0001,2023-05-15,
CUST_0002,2023-11-23,
CUST_0003,2023-03-07,
CUST_0004,2023-03-26,
CUST_0005,2023-10-02,
CUST_0006,2023-12-17,
CUST_0007,2023-04-07,
CUST_0008,2023-01-10,
CUST_0009,2023-03-20,
CUST_0010,2023-05-20,
CUST_0011,2023-06-29,
CUST_0012,2023-08-11,
CUST_0013,2023-04-16,
CUST_0014,2023-03-22,
CUST_0015,2023-08-23,
CUST_0016,2023-04-08,
CUST_0017,2023-11-26,
CUST_0018,2023-04-10,
CUST_0019,2023-07-29,
CUST_0020,2023-03-31,
CUST_0021,2023-07-21,
CUST_0022,2023-11-01,
CUST_0023,2023-02-19,
CUST_0024,2023-07-02,
CUST_0025,2023-10-05,
CUST_0026,2023-07-08,
CUST_0027,2023-06-02,
CUST_0028,2023-05-16,2024-10-14
CUST_0029,2023-11-24,
CUST_0030,2023-10-20,
CUST_0031,2023-08-23,
CUST_0032,2023-09-05,
CUST_0033,2023-10-19,
CUST_0034,2023-11-21,
CUST_0035,2023-05-18,
CUST_0036,2023-11-13,
CUST_0037,2023-02-20,
CUST_0038,2023-11-30,2024-07-06
CUST_0039,2023-12-12,
CUST_0040,2023-04-04,
CUST_0041,2023-01-19,
CUST_0042,2023-05-17,
CUST_0043,2023-11-24,
CUST_0044,2023-08-08,
CUST_0045,2023-11-26,
CUST_0046,2023-04-08,
CUST_0047,2023-06-08,
CUST_0048,2023-12-13,
CUST_0049,2023-11-03,
CUST_0050,2023-09-02,2024-06-18
CUST_0051,2023-01-26,
CUST_0052,2023-08-25,2024-12-21
CUST_0053,2023-02-25,
CUST_0054,2023-03-31,
CUST_0055,2023-06-18,
CUST_0056,2023-07-01,
CUST_0057,2023-02-21,2024-04-20
CUST_0058,2023-03-17,
CUST_0059,2023-01-30,
CUST_0060,2023-05-14,
CUST_0061,2023-10-28,
CUST_0062,2023-11-23,
CUST_0063,2023-11-04,
CUST_0064,2023-07-08,
CUST_0065,2023-08-07,
CUST_0066,2023-06-08,
CUST_0067,2023-11-25,
CUST_0068,2023-01-27,
CUST_0069,2023-01-30,2023-11-23
CUST_0070,2023-01-23,
CUST_0071,2023-08-29,
CUST_0072,2023-12-09,2025-04-27
CUST_0073,2023-03-07,
CUST_0074,2023-01-17,2023-09-24
CUST_0075,2023-06-10,
CUST_0076,2023-03-16,2023-12-24
CUST_0077,2023-04-17,2024-08-23
CUST_0078,2023-03-26,
CUST_0079,2023-09-05,
CUST_0080,2023-03-27,
CUST_0081,2023-01-13,
CUST_0082,2023-08-31,
CUST_0083,2023-03-23,
CUST_0084,2023-05-18,
CUST_0085,2023-02-21,
CUST_0086,2023-10-13,2025-01-28
CUST_0087,2023-05-08,2024-06-25
CUST_0088,2023-11-05,
CUST_0089,2023-02-05,
CUST_0090,2023-03-25,
CUST_0091,2023-04-17,
CUST_0092,2023-10-08,
CUST_0093,2023-11-08,
CUST_0094,2023-05-21,
CUST_0095,2023-10-05,2024-09-17
CUST_0096,2023-03-05,
CUST_0097,2023-07-11,
CUST_0098,2023-01-15,2023-09-09
CUST_0099,2023-10-17,
CUST_0100,2023-02-23,
CUST_0101,2023-07-05,
CUST_0102,2023-10-10,
CUST_0103,2023-01-13,
CUST_0104,2023-06-21,
CUST_0105,2023-11-10,
CUST_0106,2023-07-23,
CUST_0107,2023-01-15,
CUST_0108,2023-12-10,
CUST_0109,2023-02-04,
CUST_0110,2023-11-29,
CUST_0111,2023-06-28,
CUST_0112,2023-10-29,
CUST_0113,2023-12-16,
CUST_0114,2023-04-27,
CUST_0115,2023-06-18,
CUST_0116,2023-09-04,
CUST_0117,2023-07-13,2024-06-27
CUST_0118,2023-05-06,
CUST_0119,2023-10-08,
CUST_0120,2023-07-01,
CUST_0121,2023-08-10,
CUST_0122,2023-12-20,
CUST_0123,2023-03-04,
CUST_0124,2023-10-05,
CUST_0125,2023-01-16,
CUST_0126,2023-08-09,
CUST_0127,2023-02-26,
CUST_0128,2023-12-09,
CUST_0129,2023-11-28,
CUST_0130,2023-08-14,2024-10-26
CUST_0131,2023-04-07,
CUST_0132,2023-05-05,
CUST_0133,2023-01-23,
CUST_0134,2023-08-26,
CUST_0135,2023-03-20,
CUST_0136,2023-02-01,
CUST_0137,2023-07-29,2024-06-16
CUST_0138,2023-10-23,2025-02-18
CUST_0139,2023-08-21,
CUST_0140,2023-06-30,
CUST_0141,2023-05-29,
CUST_0142,2023-02-02,
CUST_0143,2023-03-20,2024-04-01
CUST_0144,2023-04-11,
CUST_0145,2023-01-08,2023-09-21
CUST_0146,2023-05-29,
CUST_0147,2023-08-09,
CUST_0148,2023-01-27,
CUST_0149,2023-08-13,
CUST_0150,2023-07-13,
CUST_0151,2023-04-11,
CUST_0152,2023-05-15,
CUST_0153,2023-11-18,
CUST_0154,2023-06-30,
CUST_0155,2023-11-06,
CUST_0156,2023-07-01,
CUST_0157,2023-06-17,
CUST_0158,2023-10-09,
CUST_0159,2023-08-18,
CUST_0160,2023-03-19,
CUST_0161,2023-01-01,
CUST_0162,2023-02-04,2023-09-19
CUST_0163,2023-01-17,
CUST_0164,2023-06-19,
CUST_0165,2023-03-06,
CUST_0166,2023-11-20,
CUST_0167,2023-06-05,
CUST_0168,2023-05-27,
CUST_0169,2023-02-01,
CUST_0170,2023-08-22,
CUST_0171,2023-12-17,
CUST_0172,2023-07-27,
CUST_0173,2023-05-26,2024-04-01
CUST_0174,2023-10-21,
CUST_0175,2023-03-06,
CUST_0176,2023-07-14,
CUST_0177,2023-12-20,
CUST_0178,2023-03-21,
CUST_0179,2023-10-05,
CUST_0180,2023-01-21,
CUST_0181,2023-12-07,
CUST_0182,2023-02-03,
CUST_0183,2023-11-18,
CUST_0184,2023-06-13,
CUST_0185,2023-06-21,
CUST_0186,2023-07-24,
CUST_0187,2023-05-09,
CUST_0188,2023-07-26,
CUST_0189,2023-02-14,2023-11-14
CUST_0190,2023-09-10,
CUST_0191,2023-06-14,2024-03-27
CUST_0192,2023-09-23,
CUST_0193,2023-05-15,
CUST_0194,2023-06-19,
CUST_0195,2023-11-04,2024-11-15
CUST_0196,2023-04-28,
CUST_0197,2023-11-19,
CUST_0198,2023-10-30,
CUST_0199,2023-09-03,
CUST_0200,2023-09-19,
CUST_0201,2023-03-20,2024-05-18
CUST_0202,2023-11-19,2024-11-16
CUST_0203,2023-09-23,
CUST_0204,2023-11-26,
CUST_0205,2023-07-18,2024-04-24
CUST_0206,2023-10-04,
CUST_0207,2023-06-22,
CUST_0208,2023-01-28,
CUST_0209,2023-01-11,
CUST_0210,2023-11-12,
CUST_0211,2023-05-05,2024-02-29
CUST_0212,2023-08-26,
CUST_0213,2023-03-03,2024-03-12
CUST_0214,2023-04-22,
CUST_0215,2023-01-28,
CUST_0216,2023-07-23,
CUST_0217,2023-03-01,2024-08-07
CUST_0218,2023-07-13,
CUST_0219,2023-12-13,
CUST_0220,2023-02-25,
CUST_0221,2023-06-10,
CUST_0222,2023-03-11,
CUST_0223,2023-05-07,
CUST_0224,2023-12-14,
CUST_0225,2023-08-08,
CUST_0226,2023-07-28,
CUST_0227,2023-05-11,
CUST_0228,2023-04-24,
CUST_0229,2023-08-10,
CUST_0230,2023-03-12,
CUST_0231,2023-09-23,
CUST_0232,2023-10-18,
CUST_0233,2023-05-25,
CUST_0234,2023-10-14,
CUST_0235,2023-06-05,
CUST_0236,2023-01-28,
CUST_0237,2023-12-01,
CUST_0238,2023-11-18,
CUST_0239,2023-03-15,
CUST_0240,2023-04-08,
CUST_0241,2023-05-12,
CUST_0242,2023-01-05,
CUST_0243,2023-05-06,2024-01-31
CUST_0244,2023-04-30,
CUST_0245,2023-03-20,
CUST_0246,2023-05-10,
CUST_0247,2023-04-01,
CUST_0248,2023-09-12,
CUST_0249,2023-06-19,
CUST_0250,2023-05-24,
CUST_0251,2023-07-18,
CUST_0252,2023-02-16,
CUST_0253,2023-11-20,
CUST_0254,2023-03-14,
CUST_0255,2023-07-05,
CUST_0256,2023-12-27,
CUST_0257,2023-08-31,
CUST_0258,2023-11-13,
CUST_0259,2023-12-07,2025-01-04
CUST_0260,2023-04-20,
CUST_0261,2023-11-17,
CUST_0262,2023-05-03,
CUST_0263,2023-06-23,
CUST_0264,2023-02-23,
CUST_0265,2023-09-13,
CUST_0266,2023-01-05,2023-12-10
CUST_0267,2023-07-09,2024-04-10
CUST_0268,2023-06-22,
CUST_0269,2023-04-12,
CUST_0270,2023-01-17,
CUST_0271,2023-05-12,
CUST_0272,2023-03-29,
CUST_0273,2023-03-14,
CUST_0274,2023-02-06,
CUST_0275,2023-06-13,
CUST_0276,2023-07-21,
CUST_0277,2023-07-26,
CUST_0278,2023-11-13,
CUST_0279,2023-08-15,
CUST_0280,2023-11-13,
CUST_0281,2023-09-13,
CUST_0282,2023-07-03,
CUST_0283,2023-01-19,
CUST_0284,2023-02-22,2023-10-25
CUST_0285,2023-02-21,
CUST_0286,2023-04-14,
CUST_0287,2023-11-13,
CUST_0288,2023-02-11,
CUST_0289,2023-07-11,
CUST_0290,2023-10-30,
CUST_0291,2023-10-04,
CUST_0292,2023-08-13,
CUST_0293,2023-04-16,
CUST_0294,2023-02-18,
CUST_0295,2023-07-01,
CUST_0296,2023-11-25,
CUST_0297,2023-01-22,2023-08-21
CUST_0298,2023-12-28,
CUST_0299,2023-11-13,
CUST_0300,2023-01-17,
CUST_0301,2023-06-07,2024-03-09
CUST_0302,2023-07-07,2024-05-01
CUST_0303,2023-03-19,
CUST_0304,2023-06-13,
CUST_0305,2023-11-25,
CUST_0306,2023-02-27,
CUST_0307,2023-07-06,
CUST_0308,2023-10-08,2025-01-12
CUST_0309,2023-03-22,
CUST_0310,2023-09-01,2024-12-01
CUST_0311,2023-04-06,
CUST_0312,2023-07-01,
CUST_0313,2023-11-11,2025-02-05
CUST_0314,2023-03-13,
CUST_0315,2023-11-18,
CUST_0316,2023-12-02,
CUST_0317,2023-08-10,
CUST_0318,2023-09-25,
CUST_0319,2023-01-11,
CUST_0320,2023-06-09,2024-06-18
CUST_0321,2023-01-11,
CUST_0322,2023-01-27,
CUST_0323,2023-02-14,
CUST_0324,2023-08-21,
CUST_0325,2023-07-04,
CUST_0326,2023-12-27,
CUST_0327,2023-03-22,
CUST_0328,2023-02-27,
CUST_0329,2023-07-22,
CUST_0330,2023-01-22,
CUST_0331,2023-07-10,
CUST_0332,2023-01-05,2024-02-08
CUST_0333,2023-07-09,
CUST_0334,2023-06-27,
CUST_0335,2023-03-01,
CUST_0336,2023-08-07,
CUST_0337,2023-01-15,
CUST_0338,2023-01-04,
CUST_0339,2023-05-01,
CUST_0340,2023-07-01,
CUST_0341,2023-04-01,2024-03-23
CUST_0342,2023-09-27,
CUST_0343,2023-03-06,
CUST_0344,2023-07-05,2024-06-06
CUST_0345,2023-08-09,
CUST_0346,2023-04-02,
CUST_0347,2023-09-14,2024-08-28
CUST_0348,2023-12-26,
CUST_0349,2023-01-25,
CUST_0350,2023-07-31,
CUST_0351,2023-11-21,
CUST_0352,2023-08-29,2024-04-22
CUST_0353,2023-02-03,2023-11-28
CUST_0354,2023-08-06,
CUST_0355,2023-07-12,
CUST_0356,2023-04-03,
CUST_0357,2023-09-21,
CUST_0358,2023-08-20,
CUST_0359,2023-02-10,
CUST_0360,2023-09-11,
CUST_0361,2023-01-25,
CUST_0362,2023-12-01,
CUST_0363,2023-12-09,
CUST_0364,2023-04-06,
CUST_0365,2023-12-01,
CUST_0366,2023-10-19,
CUST_0367,2023-11-13,
CUST_0368,2023-05-03,
CUST_0369,2023-11-22,
CUST_0370,2023-12-07,
CUST_0371,2023-10-22,
CUST_0372,2023-08-25,
CUST_0373,2023-10-25,
CUST_0374,2023-02-02,
CUST_0375,2023-04-14,2024-04-03
CUST_0376,2023-05-10,
CUST_0377,2023-09-23,
CUST_0378,2023-06-20,
CUST_0379,2023-09-01,
CUST_0380,2023-09-16,2024-05-06
CUST_0381,2023-08-14,2024-06-23
CUST_0382,2023-09-08,
CUST_0383,2023-03-28,
CUST_0384,2023-12-02,
CUST_0385,2023-04-13,
CUST_0386,2023-10-30,
CUST_0387,2023-10-31,
CUST_0388,2023-03-06,
CUST_0389,2023-12-10,
CUST_0390,2023-07-18,
CUST_0391,2023-11-11,2024-09-17
CUST_0392,2023-02-20,2023-12-28
CUST_0393,2023-08-28,
CUST_0394,2023-10-28,
CUST_0395,2023-01-18,
CUST_0396,2023-02-19,
CUST_0397,2023-10-11,
CUST_0398,2023-10-18,
CUST_0399,2023-12-21,
CUST_0400,2023-03-24,
CUST_0401,2023-12-11,
CUST_0402,2023-11-02,
CUST_0403,2023-03-27,
CUST_0404,2023-07-28,2024-11-20
CUST_0405,2023-08-25,
CUST_0406,2023-04-17,
CUST_0407,2023-10-28,
CUST_0408,2023-04-28,
CUST_0409,2023-10-30,
CUST_0410,2023-03-24,
CUST_0411,2023-07-27,
CUST_0412,2023-05-13,
CUST_0413,2023-11-06,2024-10-10
CUST_0414,2023-10-29,
CUST_0415,2023-01-03,
CUST_0416,2023-04-03,2023-12-29
CUST_0417,2023-08-25,2024-09-30
CUST_0418,2023-12-03,
CUST_0419,2023-11-07,
CUST_0420,2023-12-03,
CUST_0421,2023-05-11,
CUST_0422,2023-09-26,
CUST_0423,2023-06-14,
CUST_0424,2023-02-23,
CUST_0425,2023-05-09,
CUST_0426,2023-04-16,
CUST_0427,2023-04-23,
CUST_0428,2023-07-09,
CUST_0429,2023-11-18,2025-03-23
CUST_0430,2023-03-06,
CUST_0431,2023-04-08,
CUST_0432,2023-04-08,
CUST_0433,2023-01-12,
CUST_0434,2023-01-19,
CUST_0435,2023-02-17,
CUST_0436,2023-05-02,
CUST_0437,2023-12-21,
CUST_0438,2023-07-12,
CUST_0439,2023-03-04,
CUST_0440,2023-11-08,
CUST_0441,2023-01-21,
CUST_0442,2023-07-31,
CUST_0443,2023-06-18,
CUST_0444,2023-09-06,2025-03-01
CUST_0445,2023-04-29,2024-03-11
CUST_0446,2023-01-15,
CUST_0447,2023-05-03,
CUST_0448,2023-09-10,
CUST_0449,2023-06-24,
CUST_0450,2023-06-19,2024-01-02
CUST_0451,2023-10-03,
CUST_0452,2023-05-01,
CUST_0453,2023-10-09,
CUST_0454,2023-10-27,
CUST_0455,2023-04-23,
CUST_0456,2023-08-25,
CUST_0457,2023-10-10,
CUST_0458,2023-03-24,2024-04-25
CUST_0459,2023-06-13,2024-09-07
CUST_0460,2023-02-14,
CUST_0461,2023-09-28,
CUST_0462,2023-05-16,
CUST_0463,2023-11-26,
CUST_0464,2023-02-27,
CUST_0465,2023-06-05,2023-12-01
CUST_0466,2023-07-20,2024-04-21
CUST_0467,2023-09-16,
CUST_0468,2023-11-19,
CUST_0469,2023-05-07,
CUST_0470,2023-10-01,
CUST_0471,2023-04-03,
CUST_0472,2023-11-18,
CUST_0473,2023-08-10,2024-07-15
CUST_0474,2023-08-12,2024-02-20
CUST_0475,2023-11-23,2024-12-04
CUST_0476,2023-07-17,
CUST_0477,2023-07-30,
CUST_0478,2023-03-28,
CUST_0479,2023-06-24,
CUST_0480,2023-11-11,
CUST_0481,2023-09-21,2024-06-13
CUST_0482,2023-03-25,
CUST_0483,2023-06-15,
CUST_0484,2023-09-18,
CUST_0485,2023-03-06,
CUST_0486,2023-11-29,2025-01-30
CUST_0487,2023-12-25,
CUST_0488,2023-02-27,
CUST_0489,2023-05-11,
CUST_0490,2023-10-01,
CUST_0491,2023-05-03,
CUST_0492,2023-02-04,
CUST_0493,2023-01-29,
CUST_0494,2023-04-28,
CUST_0495,2023-02-16,
CUST_0496,2023-03-28,
CUST_0497,2023-12-26,
CUST_0498,2023-10-28,
CUST_0499,2023-12-12,
CUST_0500,2023-07-01,
CUST_0501,2023-05-04,
CUST_0502,2023-02-16,
CUST_0503,2023-05-10,
CUST_0504,2023-10-18,
CUST_0505,2023-07-22,2024-04-26
CUST_0506,2023-07-08,
CUST_0507,2023-06-10,
CUST_0508,2023-04-27,
CUST_0509,2023-10-28,
CUST_0510,2023-09-10,
CUST_0511,2023-04-22,
CUST_0512,2023-10-14,2025-02-19
CUST_0513,2023-07-14,
CUST_0514,2023-01-06,
CUST_0515,2023-07-06,2024-08-19
CUST_0516,2023-08-31,2024-03-31
CUST_0517,2023-07-19,
CUST_0518,2023-09-05,
CUST_0519,2023-06-24,
CUST_0520,2023-04-25,
CUST_0521,2023-11-26,
CUST_0522,2023-11-16,
CUST_0523,2023-05-18,2024-05-10
CUST_0524,2023-06-01,
CUST_0525,2023-09-08,
CUST_0526,2023-11-04,
CUST_0527,2023-05-31,
CUST_0528,2023-06-15,2024-05-27
CUST_0529,2023-11-01,2024-07-22
CUST_0530,2023-04-03,
CUST_0531,2023-05-03,
CUST_0532,2023-05-25,
CUST_0533,2023-12-28,
CUST_0534,2023-06-24,
CUST_0535,2023-10-23,
CUST_0536,2023-12-08,
CUST_0537,2023-05-07,
CUST_0538,2023-02-23,2023-11-27
CUST_0539,2023-02-10,
CUST_0540,2023-04-23,
CUST_0541,2023-11-26,
CUST_0542,2023-10-31,2024-12-28
CUST_0543,2023-08-04,
CUST_0544,2023-03-13,
CUST_0545,2023-10-21,
CUST_0546,2023-03-04,2024-03-12
CUST_0547,2023-08-03,
CUST_0548,2023-02-09,
CUST_0549,2023-10-15,
CUST_0550,2023-02-07,
CUST_0551,2023-04-19,
CUST_0552,2023-10-03,
CUST_0553,2023-11-04,
CUST_0554,2023-09-10,
CUST_0555,2023-03-10,2023-11-25
CUST_0556,2023-10-16,
CUST_0557,2023-07-21,
CUST_0558,2023-01-08,
CUST_0559,2023-02-05,
CUST_0560,2023-10-03,
CUST_0561,2023-09-19,
CUST_0562,2023-02-17,
CUST_0563,2023-11-12,
CUST_0564,2023-11-20,
CUST_0565,2023-04-18,
CUST_0566,2023-11-13,
CUST_0567,2023-12-14,
CUST_0568,2023-08-15,
CUST_0569,2023-06-08,
CUST_0570,2023-01-23,
CUST_0571,2023-03-03,
CUST_0572,2023-02-02,
CUST_0573,2023-05-14,
CUST_0574,2023-01-08,
CUST_0575,2023-11-15,
CUST_0576,2023-04-14,
CUST_0577,2023-01-21,
CUST_0578,2023-04-22,
CUST_0579,2023-01-31,
CUST_0580,2023-07-16,
CUST_0581,2023-01-02,
CUST_0582,2023-07-25,
CUST_0583,2023-07-22,
CUST_0584,2023-12-02,
CUST_0585,2023-01-15,
CUST_0586,2023-05-01,
CUST_0587,2023-03-23,2024-03-14
CUST_0588,2023-09-07,
CUST_0589,2023-11-02,
CUST_0590,2023-01-07,2023-10-20
CUST_0591,2023-11-14,
CUST_0592,2023-11-15,
CUST_0593,2023-10-01,
CUST_0594,2023-11-08,
CUST_0595,2023-06-10,
CUST_0596,2023-02-27,
CUST_0597,2023-12-31,
CUST_0598,2023-04-17,
CUST_0599,2023-01-10,
CUST_0600,2023-04-30,
CUST_0601,2023-09-05,
CUST_0602,2023-08-12,
CUST_0603,2023-09-04,
CUST_0604,2023-09-02,
CUST_0605,2023-08-15,
CUST_0606,2023-11-14,
CUST_0607,2023-03-23,2023-09-10
CUST_0608,2023-08-15,
CUST_0609,2023-06-24,
CUST_0610,2023-01-03,
CUST_0611,2023-04-17,
CUST_0612,2023-10-09,
CUST_0613,2023-06-29,2024-03-09
CUST_0614,2023-10-29,
CUST_0615,2023-05-05,
CUST_0616,2023-02-19,
CUST_0617,2023-12-16,
CUST_0618,2023-07-25,
CUST_0619,2023-07-05,
CUST_0620,2023-01-07,2023-11-15
CUST_0621,2023-04-22,
CUST_0622,2023-08-13,
CUST_0623,2023-07-03,2024-06-07
CUST_0624,2023-08-25,
CUST_0625,2023-01-18,
CUST_0626,2023-09-24,
CUST_0627,2023-05-16,
CUST_0628,2023-06-12,
CUST_0629,2023-03-02,
CUST_0630,2023-11-14,
CUST_0631,2023-08-12,
CUST_0632,2023-02-15,
CUST_0633,2023-04-26,
CUST_0634,2023-02-07,
CUST_0635,2023-04-07,2024-06-07
CUST_0636,2023-08-23,
CUST_0637,2023-04-04,2024-09-03
CUST_0638,2023-06-26,
CUST_0639,2023-11-05,
CUST_0640,2023-01-23,
CUST_0641,2023-03-30,
CUST_0642,2023-07-12,
CUST_0643,2023-06-20,
CUST_0644,2023-04-11,
CUST_0645,2023-06-28,
CUST_0646,2023-12-31,
CUST_0647,2023-10-06,
CUST_0648,2023-10-15,2024-05-15
CUST_0649,2023-10-10,
CUST_0650,2023-07-01,
CUST_0651,2023-11-25,
CUST_0652,2023-07-12,
CUST_0653,2023-02-10,
CUST_0654,2023-01-20,
CUST_0655,2023-08-13,
CUST_0656,2023-12-19,
CUST_0657,2023-11-17,
CUST_0658,2023-09-26,
CUST_0659,2023-10-31,2024-08-17
CUST_0660,2023-04-23,
CUST_0661,2023-02-02,
CUST_0662,2023-10-13,
CUST_0663,2023-07-04,
CUST_0664,2023-07-10,2024-09-20
CUST_0665,2023-09-14,
CUST_0666,2023-12-17,
CUST_0667,2023-12-03,
CUST_0668,2023-12-11,
CUST_0669,2023-12-04,
CUST_0670,2023-05-24,
CUST_0671,2023-09-15,
CUST_0672,2023-03-15,
CUST_0673,2023-11-09,2024-08-15
CUST_0674,2023-04-08,
CUST_0675,2023-08-22,
CUST_0676,2023-12-01,2025-02-21
CUST_0677,2023-12-07,
CUST_0678,2023-05-16,
CUST_0679,2023-11-22,
CUST_0680,2023-11-15,
CUST_0681,2023-06-10,
CUST_0682,2023-07-07,
CUST_0683,2023-08-31,
CUST_0684,2023-06-16,
CUST_0685,2023-11-25,
CUST_0686,2023-02-05,
CUST_0687,2023-08-27,
CUST_0688,2023-06-21,
CUST_0689,2023-12-16,
CUST_0690,2023-08-25,
CUST_0691,2023-05-12,2024-05-16
CUST_0692,2023-02-10,
CUST_0693,2023-06-26,
CUST_0694,2023-10-25,
CUST_0695,2023-01-30,
CUST_0696,2023-11-06,2024-06-05
CUST_0697,2023-11-06,
CUST_0698,2023-10-29,
CUST_0699,2023-11-12,
CUST_0700,2023-12-22,
CUST_0701,2023-11-24,
CUST_0702,2023-03-13,
CUST_0703,2023-02-08,
CUST_0704,2023-07-23,
CUST_0705,2023-04-01,
CUST_0706,2023-10-22,
CUST_0707,2023-10-11,
CUST_0708,2023-01-06,
CUST_0709,2023-08-03,
CUST_0710,2023-02-28,
CUST_0711,2023-05-23,
CUST_0712,2023-12-22,
CUST_0713,2023-10-12,
CUST_0714,2023-11-07,
CUST_0715,2023-09-22,
CUST_0716,2023-12-16,
CUST_0717,2023-01-02,
CUST_0718,2023-02-13,
CUST_0719,2023-04-05,2024-03-01
CUST_0720,2023-06-14,
CUST_0721,2023-04-12,
CUST_0722,2023-01-06,
CUST_0723,2023-04-16,
CUST_0724,2023-06-01,2024-05-26
CUST_0725,2023-08-18,
CUST_0726,2023-12-19,
CUST_0727,2023-04-23,
CUST_0728,2023-08-23,
CUST_0729,2023-01-12,
CUST_0730,2023-10-29,
CUST_0731,2023-12-09,
CUST_0732,2023-12-09,2024-07-30
CUST_0733,2023-12-18,2024-09-12
CUST_0734,2023-07-21,
CUST_0735,2023-11-21,
CUST_0736,2023-04-21,
CUST_0737,2023-07-05,2024-05-29
CUST_0738,2023-08-18,
CUST_0739,2023-11-21,
CUST_0740,2023-04-15,2024-01-26
CUST_0741,2023-12-09,2024-09-29
CUST_0742,2023-11-17,
CUST_0743,2023-07-02,
CUST_0744,2023-07-18,
CUST_0745,2023-12-31,
CUST_0746,2023-06-09,
CUST_0747,2023-07-19,
CUST_0748,2023-08-31,
CUST_0749,2023-12-09,
CUST_0750,2023-09-13,
CUST_0751,2023-12-01,
CUST_0752,2023-06-01,
CUST_0753,2023-11-06,
CUST_0754,2023-03-23,
CUST_0755,2023-04-01,
CUST_0756,2023-04-13,
CUST_0757,2023-02-22,
CUST_0758,2023-04-25,
CUST_0759,2023-11-12,
CUST_0760,2023-11-17,
CUST_0761,2023-02-04,
CUST_0762,2023-07-03,2024-11-13
CUST_0763,2023-01-12,2023-09-30
CUST_0764,2023-08-30,
CUST_0765,2023-11-30,
CUST_0766,2023-12-17,
CUST_0767,2023-10-16,
CUST_0768,2023-04-18,
CUST_0769,2023-09-30,2024-09-23
CUST_0770,2023-10-30,2025-01-02
CUST_0771,2023-03-05,2023-11-19
CUST_0772,2023-05-03,
CUST_0773,2023-05-07,
CUST_0774,2023-03-22,
CUST_0775,2023-10-03,
CUST_0776,2023-04-07,
CUST_0777,2023-02-10,
CUST_0778,2023-09-13,
CUST_0779,2023-09-29,2024-07-23
CUST_0780,2023-08-07,
CUST_0781,2023-11-10,
CUST_0782,2023-11-03,
CUST_0783,2023-09-24,
CUST_0784,2023-10-27,
CUST_0785,2023-03-16,2024-03-17
CUST_0786,2023-09-30,2024-08-16
CUST_0787,2023-11-21,
CUST_0788,2023-03-04,
CUST_0789,2023-07-03,
CUST_0790,2023-06-08,
CUST_0791,2023-07-09,
CUST_0792,2023-12-02,
CUST_0793,2023-09-18,
CUST_0794,2023-05-24,
CUST_0795,2023-02-11,
CUST_0796,2023-03-12,
CUST_0797,2023-08-26,
CUST_0798,2023-05-07,
CUST_0799,2023-08-12,
CUST_0800,2023-06-24,
CUST_0801,2023-05-31,
CUST_0802,2023-11-17,
CUST_0803,2023-08-28,
CUST_0804,2023-05-25,
CUST_0805,2023-12-24,
CUST_0806,2023-12-30,2024-12-05
CUST_0807,2023-07-22,
CUST_0808,2023-06-25,2024-12-17
CUST_0809,2023-10-10,
CUST_0810,2023-03-01,
CUST_0811,2023-07-19,
CUST_0812,2023-10-05,2024-11-14
CUST_0813,2023-01-29,
CUST_0814,2023-12-05,
CUST_0815,2023-06-21,
CUST_0816,2023-05-21,
CUST_0817,2023-04-20,
CUST_0818,2023-08-06,
CUST_0819,2023-03-20,2023-09-11
CUST_0820,2023-09-27,
CUST_0821,2023-10-08,
CUST_0822,2023-11-19,2024-05-31
CUST_0823,2023-11-09,
CUST_0824,2023-01-02,
CUST_0825,2023-12-09,
CUST_0826,2023-03-01,
CUST_0827,2023-12-01,
CUST_0828,2023-04-07,
CUST_0829,2023-09-28,
CUST_0830,2023-07-31,
CUST_0831,2023-04-26,
CUST_0832,2023-01-08,
CUST_0833,2023-01-07,
CUST_0834,2023-07-28,
CUST_0835,2023-06-10,
CUST_0836,2023-02-07,
CUST_0837,2023-03-29,
CUST_0838,2023-05-28,
CUST_0839,2023-09-10,
CUST_0840,2023-11-17,
CUST_0841,2023-10-10,2024-11-05
CUST_0842,2023-05-05,
CUST_0843,2023-12-08,
CUST_0844,2023-09-06,
CUST_0845,2023-03-27,
CUST_0846,2023-05-20,
CUST_0847,2023-10-25,
CUST_0848,2023-03-11,
CUST_0849,2023-09-29,
CUST_0850,2023-06-28,
CUST_0851,2023-02-02,
CUST_0852,2023-03-04,
CUST_0853,2023-02-22,
CUST_0854,2023-09-10,2024-11-27
CUST_0855,2023-02-07,
CUST_0856,2023-01-17,
CUST_0857,2023-11-25,
CUST_0858,2023-10-23,
CUST_0859,2023-02-25,
CUST_0860,2023-04-03,
CUST_0861,2023-04-28,
CUST_0862,2023-07-21,
CUST_0863,2023-11-21,
CUST_0864,2023-03-05,
CUST_0865,2023-07-30,2024-04-19
CUST_0866,2023-01-03,
CUST_0867,2023-08-12,2024-06-10
CUST_0868,2023-02-21,2024-01-01
CUST_0869,2023-02-28,2024-04-04
CUST_0870,2023-10-13,
CUST_0871,2023-03-30,
CUST_0872,2023-03-01,
CUST_0873,2023-05-16,
CUST_0874,2023-12-19,
CUST_0875,2023-06-25,
CUST_0876,2023-12-05,
CUST_0877,2023-11-08,
CUST_0878,2023-11-02,
CUST_0879,2023-01-27,
CUST_0880,2023-05-18,
CUST_0881,2023-11-14,
CUST_0882,2023-09-17,
CUST_0883,2023-04-22,
CUST_0884,2023-11-13,
CUST_0885,2023-07-07,
CUST_0886,2023-05-22,
CUST_0887,2023-07-09,
CUST_0888,2023-05-25,
CUST_0889,2023-02-13,
CUST_0890,2023-07-21,
CUST_0891,2023-05-04,
CUST_0892,2023-03-09,2023-11-28
CUST_0893,2023-04-05,
CUST_0894,2023-05-13,
CUST_0895,2023-09-06,
CUST_0896,2023-07-12,
CUST_0897,2023-05-26,
CUST_0898,2023-10-05,
CUST_0899,2023-11-26,
CUST_0900,2023-11-08,
CUST_0901,2023-05-16,
CUST_0902,2023-06-20,
CUST_0903,2023-06-21,
CUST_0904,2023-09-21,
CUST_0905,2023-02-17,
CUST_0906,2023-08-22,
CUST_0907,2023-12-15,
CUST_0908,2023-10-09,
CUST_0909,2023-11-07,
CUST_0910,2023-08-08,
CUST_0911,2023-04-15,
CUST_0912,2023-11-11,
CUST_0913,2023-09-13,
CUST_0914,2023-07-17,
CUST_0915,2023-05-02,2024-01-01
CUST_0916,2023-08-18,
CUST_0917,2023-06-27,
CUST_0918,2023-03-11,
CUST_0919,2023-04-21,
CUST_0920,2023-10-11,
CUST_0921,2023-01-16,
CUST_0922,2023-02-09,
CUST_0923,2023-11-07,
CUST_0924,2023-11-24,
CUST_0925,2023-08-07,
CUST_0926,2023-06-21,
CUST_0927,2023-08-04,
CUST_0928,2023-12-28,
CUST_0929,2023-02-21,
CUST_0930,2023-02-03,
CUST_0931,2023-07-01,2024-09-07
CUST_0932,2023-08-13,2024-10-05
CUST_0933,2023-03-07,
CUST_0934,2023-02-04,
CUST_0935,2023-05-28,
CUST_0936,2023-02-10,
CUST_0937,2023-07-26,2024-08-07
CUST_0938,2023-03-07,
CUST_0939,2023-06-29,
CUST_0940,2023-12-18,
CUST_0941,2023-10-15,
CUST_0942,2023-06-23,
CUST_0943,2023-04-20,
CUST_0944,2023-11-06,
CUST_0945,2023-10-05,
CUST_0946,2023-12-30,
CUST_0947,2023-08-15,
CUST_0948,2023-11-11,
CUST_0949,2023-05-27,
CUST_0950,2023-06-19,
CUST_0951,2023-07-12,
CUST_0952,2023-09-28,
CUST_0953,2023-08-16,
CUST_0954,2023-12-16,
CUST_0955,2023-12-27,
CUST_0956,2023-09-26,
CUST_0957,2023-12-23,
CUST_0958,2023-01-03,
CUST_0959,2023-08-16,
CUST_0960,2023-08-26,
CUST_0961,2023-07-07,
CUST_0962,2023-04-29,
CUST_0963,2023-04-19,
CUST_0964,2023-03-14,
CUST_0965,2023-02-07,
CUST_0966,2023-02-21,
CUST_0967,2023-06-23,
CUST_0968,2023-08-24,
CUST_0969,2023-02-17,
CUST_0970,2023-06-09,
CUST_0971,2023-05-22,
CUST_0972,2023-12-31,
CUST_0973,2023-01-27,
CUST_0974,2023-04-11,
CUST_0975,2023-04-18,
CUST_0976,2023-01-21,2023-12-22
CUST_0977,2023-11-09,2024-07-07
CUST_0978,2023-04-10,
CUST_0979,2023-06-17,
CUST_0980,2023-10-22,2024-12-01
CUST_0981,2023-09-15,2024-08-05
CUST_0982,2023-07-03,2024-05-01
CUST_0983,2023-05-04,
CUST_0984,2023-02-05,
CUST_0985,2023-11-27,
CUST_0986,2023-02-21,
CUST_0987,2023-07-16,2024-12-26
CUST_0988,2023-10-11,
CUST_0989,2023-10-20,
CUST_0990,2023-09-12,
CUST_0991,2023-11-19,
CUST_0992,2023-01-20,
CUST_0993,2023-11-13,
CUST_0994,2023-06-17,
CUST_0995,2023-08-22,
CUST_0996,2023-02-22,
CUST_0997,2023-11-14,
CUST_0998,2023-04-03,
CUST_0999,2023-11-07,
CUST_1000,2023-06-10,
CUST_1001,2023-09-01,
CUST_1002,2023-05-11,
CUST_1003,2023-08-31,
CUST_1004,2023-01-20,2023-12-16
CUST_1005,2023-01-08,2024-01-29
CUST_1006,2023-02-11,2023-11-23
CUST_1007,2023-05-13,
CUST_1008,2023-03-07,
CUST_1009,2023-05-09,
CUST_1010,2023-01-07,2023-11-09
CUST_1011,2023-01-28,
CUST_1012,2023-06-29,2024-05-31
CUST_1013,2023-01-17,
CUST_1014,2023-02-06,
CUST_1015,2023-01-06,2024-04-18
CUST_1016,2023-11-21,
CUST_1017,2023-01-11,
CUST_1018,2023-02-02,
CUST_1019,2023-06-18,
CUST_1020,2023-05-07,
CUST_1021,2023-02-21,
CUST_1022,2023-06-02,
CUST_1023,2023-10-13,2024-10-14
CUST_1024,2023-04-30,
CUST_1025,2023-05-14,
CUST_1026,2023-02-17,
CUST_1027,2023-01-21,
CUST_1028,2023-04-21,
CUST_1029,2023-10-17,
CUST_1030,2023-03-14,2024-06-26
CUST_1031,2023-03-18,
CUST_1032,2023-10-22,
CUST_1033,2023-03-23,
CUST_1034,2023-11-07,
CUST_1035,2023-02-20,
CUST_1036,2023-08-11,2024-08-20
CUST_1037,2023-04-27,
CUST_1038,2023-11-30,
CUST_1039,2023-07-05,
CUST_1040,2023-12-18,2024-11-05
CUST_1041,2023-06-27,
CUST_1042,2023-12-16,
CUST_1043,2023-09-01,
CUST_1044,2023-07-27,
CUST_1045,2023-01-13,
CUST_1046,2023-04-04,2024-07-12
CUST_1047,2023-04-05,
CUST_1048,2023-09-21,
CUST_1049,2023-04-02,
CUST_1050,2023-04-28,
CUST_1051,2023-01-17,
CUST_1052,2023-04-20,
CUST_1053,2023-03-12,2023-12-20
CUST_1054,2023-12-03,2024-10-20
CUST_1055,2023-06-02,
CUST_1056,2023-03-09,
CUST_1057,2023-03-25,
CUST_1058,2023-07-13,
CUST_1059,2023-04-17,
CUST_1060,2023-05-06,
CUST_1061,2023-10-16,2024-07-10
CUST_1062,2023-03-30,2024-06-15
CUST_1063,2023-10-14,
CUST_1064,2023-11-01,
CUST_1065,2023-09-02,2024-05-22
CUST_1066,2023-04-21,
CUST_1067,2023-08-17,2024-09-29
CUST_1068,2023-10-06,
CUST_1069,2023-01-29,
CUST_1070,2023-11-24,
CUST_1071,2023-06-14,
CUST_1072,2023-02-13,
CUST_1073,2023-08-24,
CUST_1074,2023-03-08,
CUST_1075,2023-06-24,
CUST_1076,2023-12-18,
CUST_1077,2023-07-24,
CUST_1078,2023-12-31,
CUST_1079,2023-01-03,
CUST_1080,2023-06-11,
CUST_1081,2023-02-19,
CUST_1082,2023-10-25,
CUST_1083,2023-07-07,
CUST_1084,2023-08-14,2024-06-09
CUST_1085,2023-02-10,
CUST_1086,2023-12-23,2025-03-29
CUST_1087,2023-03-16,
CUST_1088,2023-11-03,
CUST_1089,2023-04-10,
CUST_1090,2023-03-16,2024-03-02
CUST_1091,2023-06-22,
CUST_1092,2023-11-26,
CUST_1093,2023-10-22,
CUST_1094,2023-09-07,
CUST_1095,2023-03-25,2024-02-29
CUST_1096,2023-09-02,2024-03-16
CUST_1097,2023-04-23,
CUST_1098,2023-11-21,
CUST_1099,2023-07-04,2024-03-23
CUST_1100,2023-09-14,
CUST_1101,2023-02-27,
CUST_1102,2023-06-12,
CUST_1103,2023-12-26,
CUST_1104,2023-02-10,
CUST_1105,2023-12-24,
CUST_1106,2023-07-19,
CUST_1107,2023-10-10,
CUST_1108,2023-10-17,
CUST_1109,2023-12-28,
CUST_1110,2023-10-30,
CUST_1111,2023-09-05,
CUST_1112,2023-08-05,2024-09-29
CUST_1113,2023-12-20,2025-04-18
CUST_1114,2023-09-30,
CUST_1115,2023-03-12,
CUST_1116,2023-06-06,
CUST_1117,2023-12-13,
CUST_1118,2023-10-31,
CUST_1119,2023-09-15,
CUST_1120,2023-06-13,2023-11-22
CUST_1121,2023-05-06,2024-01-21
CUST_1122,2023-02-23,
CUST_1123,2023-06-06,2024-10-31
CUST_1124,2023-05-18,
CUST_1125,2023-08-25,
CUST_1126,2023-02-19,
CUST_1127,2023-04-20,
CUST_1128,2023-02-21,
CUST_1129,2023-07-26,
CUST_1130,2023-10-10,
CUST_1131,2023-08-25,
CUST_1132,2023-07-02,
CUST_1133,2023-03-23,
CUST_1134,2023-09-20,
CUST_1135,2023-07-20,
CUST_1136,2023-11-26,
CUST_1137,2023-12-03,
CUST_1138,2023-08-08,
CUST_1139,2023-06-13,
CUST_1140,2023-12-22,
CUST_1141,2023-03-06,
CUST_1142,2023-05-24,2024-02-15
CUST_1143,2023-11-20,
CUST_1144,2023-12-29,2024-09-04
CUST_1145,2023-03-06,
CUST_1146,2023-09-21,
CUST_1147,2023-10-02,2024-05-07
CUST_1148,2023-08-16,
CUST_1149,2023-12-14,
CUST_1150,2023-04-06,
CUST_1151,2023-03-11,
CUST_1152,2023-03-30,
CUST_1153,2023-07-26,
CUST_1154,2023-05-08,
CUST_1155,2023-06-03,
CUST_1156,2023-02-09,
CUST_1157,2023-11-28,2024-10-07
CUST_1158,2023-09-17,
CUST_1159,2023-09-01,
CUST_1160,2023-10-09,
CUST_1161,2023-05-15,
CUST_1162,2023-12-23,
CUST_1163,2023-09-24,2025-01-29
CUST_1164,2023-07-24,
CUST_1165,2023-02-01,
CUST_1166,2023-11-16,
CUST_1167,2023-06-14,2024-03-23
CUST_1168,2023-06-08,
CUST_1169,2023-10-30,
CUST_1170,2023-08-27,
CUST_1171,2023-07-08,
CUST_1172,2023-07-09,
CUST_1173,2023-06-24,2024-08-24
CUST_1174,2023-01-15,
CUST_1175,2023-08-16,
CUST_1176,2023-06-10,
CUST_1177,2023-10-29,
CUST_1178,2023-03-27,
CUST_1179,2023-08-27,
CUST_1180,2023-08-16,
CUST_1181,2023-12-06,
CUST_1182,2023-06-18,
CUST_1183,2023-10-12,
CUST_1184,2023-01-05,
CUST_1185,2023-11-10,2024-06-14
CUST_1186,2023-12-09,
CUST_1187,2023-02-03,
CUST_1188,2023-10-20,
CUST_1189,2023-02-23,
CUST_1190,2023-07-10,
CUST_1191,2023-10-13,
CUST_1192,2023-03-06,2024-02-26
CUST_1193,2023-03-03,
CUST_1194,2023-05-11,
CUST_1195,2023-05-23,
CUST_1196,2023-12-24,
CUST_1197,2023-12-15,
CUST_1198,2023-07-09,
CUST_1199,2023-03-04,
CUST_1200,2023-02-15,
CUST_1201,2023-05-13,
CUST_1202,2023-01-10,
CUST_1203,2023-12-31,
CUST_1204,2023-06-03,2024-04-28
CUST_1205,2023-06-26,
CUST_1206,2023-09-07,
CUST_1207,2023-04-26,
CUST_1208,2023-10-15,
CUST_1209,2023-12-27,
CUST_1210,2023-04-05,
CUST_1211,2023-09-01,2024-09-09
CUST_1212,2023-08-16,
CUST_1213,2023-03-03,
CUST_1214,2023-07-18,
CUST_1215,2023-03-14,
CUST_1216,2023-10-13,2024-07-17
CUST_1217,2023-07-19,
CUST_1218,2023-12-16,
CUST_1219,2023-10-02,
CUST_1220,2023-11-01,
CUST_1221,2023-02-20,
CUST_1222,2023-06-24,
CUST_1223,2023-12-17,
CUST_1224,2023-06-22,
CUST_1225,2023-07-10,
CUST_1226,2023-09-27,
CUST_1227,2023-03-06,
CUST_1228,2023-04-05,
CUST_1229,2023-10-23,
CUST_1230,2023-03-26,
CUST_1231,2023-07-07,2024-01-16
CUST_1232,2023-01-09,
CUST_1233,2023-06-20,
CUST_1234,2023-07-07,
CUST_1235,2023-03-10,
CUST_1236,2023-08-29,2024-07-05
CUST_1237,2023-01-31,2023-09-16
CUST_1238,2023-07-27,
CUST_1239,2023-10-17,
CUST_1240,2023-04-12,
CUST_1241,2023-10-26,
CUST_1242,2023-12-30,
CUST_1243,2023-12-23,
CUST_1244,2023-02-15,
CUST_1245,2023-06-21,2024-07-08
CUST_1246,2023-01-18,
CUST_1247,2023-06-05,
CUST_1248,2023-12-28,
CUST_1249,2023-10-14,
CUST_1250,2023-12-16,2024-12-04
CUST_1251,2023-10-12,
CUST_1252,2023-06-22,2024-06-06
CUST_1253,2023-04-26,
CUST_1254,2023-11-16,
CUST_1255,2023-11-27,2025-02-02
CUST_1256,2023-10-19,2024-09-26
CUST_1257,2023-07-13,
CUST_1258,2023-12-14,2024-10-05
CUST_1259,2023-12-01,
CUST_1260,2023-06-22,
CUST_1261,2023-08-08,
CUST_1262,2023-12-30,
CUST_1263,2023-06-24,2024-05-07
CUST_1264,2023-08-07,
CUST_1265,2023-05-15,
CUST_1266,2023-11-19,
CUST_1267,2023-03-13,
CUST_1268,2023-12-29,
CUST_1269,2023-11-14,
CUST_1270,2023-03-27,
CUST_1271,2023-04-04,
CUST_1272,2023-01-20,
CUST_1273,2023-02-03,
CUST_1274,2023-04-01,
CUST_1275,2023-03-31,
CUST_1276,2023-04-22,
CUST_1277,2023-05-06,
CUST_1278,2023-09-13,
CUST_1279,2023-05-08,
CUST_1280,2023-08-11,2024-06-13
CUST_1281,2023-01-20,
CUST_1282,2023-06-04,
CUST_1283,2023-09-24,
CUST_1284,2023-11-11,
CUST_1285,2023-05-24,
CUST_1286,2023-10-24,
CUST_1287,2023-01-25,
CUST_1288,2023-07-16,
CUST_1289,2023-09-14,
CUST_1290,2023-01-25,
CUST_1291,2023-05-19,
CUST_1292,2023-09-20,
CUST_1293,2023-12-03,
CUST_1294,2023-01-28,
CUST_1295,2023-07-01,
CUST_1296,2023-02-09,
CUST_1297,2023-01-07,
CUST_1298,2023-08-02,
CUST_1299,2023-08-05,2024-04-27
CUST_1300,2023-01-25,
CUST_1301,2023-10-18,
CUST_1302,2023-11-23,
CUST_1303,2023-12-09,
CUST_1304,2023-12-23,
CUST_1305,2023-01-20,2023-08-24
CUST_1306,2023-12-21,
CUST_1307,2023-11-28,
CUST_1308,2023-05-03,
CUST_1309,2023-04-07,
CUST_1310,2023-12-12,
CUST_1311,2023-05-01,
CUST_1312,2023-10-07,
CUST_1313,2023-02-21,
CUST_1314,2023-10-03,
CUST_1315,2023-01-21,
CUST_1316,2023-06-17,2024-07-30
CUST_1317,2023-12-15,2025-03-12
CUST_1318,2023-03-08,
CUST_1319,2023-06-28,
CUST_1320,2023-07-16,
CUST_1321,2023-11-30,
CUST_1322,2023-10-01,
CUST_1323,2023-02-17,
CUST_1324,2023-05-02,
CUST_1325,2023-03-03,
CUST_1326,2023-07-10,
CUST_1327,2023-01-14,
CUST_1328,2023-09-23,
CUST_1329,2023-04-29,2024-03-02
CUST_1330,2023-12-08,
CUST_1331,2023-04-13,
CUST_1332,2023-04-14,
CUST_1333,2023-05-23,
CUST_1334,2023-09-04,
CUST_1335,2023-11-16,
CUST_1336,2023-06-19,
CUST_1337,2023-10-16,
CUST_1338,2023-07-30,2024-06-12
CUST_1339,2023-03-23,2024-01-03
CUST_1340,2023-11-29,
CUST_1341,2023-02-11,
CUST_1342,2023-12-09,2024-10-11
CUST_1343,2023-06-10,
CUST_1344,2023-07-27,2024-04-27
CUST_1345,2023-04-20,
CUST_1346,2023-09-07,
CUST_1347,2023-08-02,
CUST_1348,2023-01-25,
CUST_1349,2023-11-27,
CUST_1350,2023-08-14,
CUST_1351,2023-05-19,2024-07-29
CUST_1352,2023-04-29,
CUST_1353,2023-05-13,
CUST_1354,2023-05-12,
CUST_1355,2023-10-05,
CUST_1356,2023-01-24,
CUST_1357,2023-05-28,
CUST_1358,2023-11-13,
CUST_1359,2023-10-08,
CUST_1360,2023-08-28,
CUST_1361,2023-08-22,
CUST_1362,2023-03-31,2024-05-16
CUST_1363,2023-11-10,
CUST_1364,2023-07-03,
CUST_1365,2023-12-01,
CUST_1366,2023-07-05,
CUST_1367,2023-03-19,2024-01-12
CUST_1368,2023-10-10,
CUST_1369,2023-08-23,2024-07-19
CUST_1370,2023-03-17,
CUST_1371,2023-02-18,
CUST_1372,2023-12-03,
CUST_1373,2023-11-21,
CUST_1374,2023-08-06,
CUST_1375,2023-05-28,
CUST_1376,2023-05-24,
CUST_1377,2023-01-18,
CUST_1378,2023-01-30,2024-04-01
CUST_1379,2023-12-07,
CUST_1380,2023-09-29,
CUST_1381,2023-01-26,2024-05-31
CUST_1382,2023-11-04,2024-08-16
CUST_1383,2023-08-26,
CUST_1384,2023-07-08,
CUST_1385,2023-01-18,
CUST_1386,2023-03-18,2023-11-30
CUST_1387,2023-04-20,
CUST_1388,2023-01-29,
CUST_1389,2023-11-27,
CUST_1390,2023-10-25,
CUST_1391,2023-01-15,
CUST_1392,2023-09-23,
CUST_1393,2023-06-19,
CUST_1394,2023-09-02,
CUST_1395,2023-07-18,
CUST_1396,2023-01-26,
CUST_1397,2023-05-06,
CUST_1398,2023-10-16,
CUST_1399,2023-07-21,2024-11-07
CUST_1400,2023-09-16,
CUST_1401,2023-05-21,
CUST_1402,2023-02-22,
CUST_1403,2023-11-07,
CUST_1404,2023-08-16,
CUST_1405,2023-05-05,
CUST_1406,2023-07-16,
CUST_1407,2023-05-16,
CUST_1408,2023-08-31,2024-07-04
CUST_1409,2023-03-09,
CUST_1410,2023-03-17,
CUST_1411,2023-11-10,
CUST_1412,2023-12-09,
CUST_1413,2023-09-10,
CUST_1414,2023-08-19,
CUST_1415,2023-05-03,2024-01-10
CUST_1416,2023-07-03,
CUST_1417,2023-09-14,
CUST_1418,2023-03-02,
CUST_1419,2023-06-12,2024-04-23
CUST_1420,2023-01-21,
CUST_1421,2023-09-18,
CUST_1422,2023-07-03,
CUST_1423,2023-01-23,
CUST_1424,2023-04-13,
CUST_1425,2023-09-07,2024-04-10
CUST_1426,2023-04-24,
CUST_1427,2023-04-04,
CUST_1428,2023-05-15,
CUST_1429,2023-05-10,
CUST_1430,2023-11-08,2024-07-06
CUST_1431,2023-05-10,
CUST_1432,2023-06-08,
CUST_1433,2023-12-26,
CUST_1434,2023-04-07,
CUST_1435,2023-10-05,
CUST_1436,2023-03-15,
CUST_1437,2023-06-08,
CUST_1438,2023-12-22,
CUST_1439,2023-11-13,
CUST_1440,2023-10-16,
CUST_1441,2023-04-16,
CUST_1442,2023-09-07,
CUST_1443,2023-01-03,
CUST_1444,2023-05-20,
CUST_1445,2023-04-03,2024-01-28
CUST_1446,2023-12-24,
CUST_1447,2023-10-20,
CUST_1448,2023-05-03,
CUST_1449,2023-04-26,2024-07-27
CUST_1450,2023-09-30,2025-01-01
CUST_1451,2023-02-19,
CUST_1452,2023-12-20,
CUST_1453,2023-04-14,
CUST_1454,2023-05-16,
CUST_1455,2023-06-23,2024-08-12
CUST_1456,2023-02-26,
CUST_1457,2023-03-16,
CUST_1458,2023-09-12,
CUST_1459,2023-03-09,
CUST_1460,2023-01-02,2023-12-23
CUST_1461,2023-12-01,
CUST_1462,2023-09-04,
CUST_1463,2023-01-22,
CUST_1464,2023-02-18,2023-12-25
CUST_1465,2023-09-21,
CUST_1466,2023-05-08,
CUST_1467,2023-11-20,
CUST_1468,2023-01-14,2024-02-28
CUST_1469,2023-02-10,
CUST_1470,2023-01-12,
CUST_1471,2023-11-09,
CUST_1472,2023-03-18,
CUST_1473,2023-08-29,2024-11-06
CUST_1474,2023-05-31,2024-01-12
CUST_1475,2023-10-18,
CUST_1476,2023-03-21,
CUST_1477,2023-07-06,
CUST_1478,2023-02-11,
CUST_1479,2023-04-24,
CUST_1480,2023-01-19,
CUST_1481,2023-07-24,
CUST_1482,2023-11-12,
CUST_1483,2023-06-21,
CUST_1484,2023-08-19,
CUST_1485,2023-06-30,
CUST_1486,2023-12-12,
CUST_1487,2023-01-30,
CUST_1488,2023-11-11,
CUST_1489,2023-05-19,
CUST_1490,2023-10-06,
CUST_1491,2023-12-22,
CUST_1492,2023-08-03,
CUST_1493,2023-07-21,
CUST_1494,2023-12-22,2024-12-07
CUST_1495,2023-01-03,
CUST_1496,2023-01-15,
CUST_1497,2023-03-26,
CUST_1498,2023-02-23,
CUST_1499,2023-04-20,
CUST_1500,2023-12-24,
CUST_1501,2023-02-13,
CUST_1502,2023-03-15,
CUST_1503,2023-09-06,
CUST_1504,2023-02-02,
CUST_1505,2023-02-21,
CUST_1506,2023-12-25,
CUST_1507,2023-09-24,
CUST_1508,2023-04-30,
CUST_1509,2023-09-28,2024-08-26
CUST_1510,2023-07-06,
CUST_1511,2023-03-18,
CUST_1512,2023-02-21,
CUST_1513,2023-11-24,
CUST_1514,2023-07-05,
CUST_1515,2023-10-09,2024-12-24
CUST_1516,2023-03-31,
CUST_1517,2023-05-20,
CUST_1518,2023-12-29,
CUST_1519,2023-07-09,
CUST_1520,2023-08-31,
CUST_1521,2023-05-07,
CUST_1522,2023-01-15,
CUST_1523,2023-04-10,
CUST_1524,2023-06-19,
CUST_1525,2023-02-17,
CUST_1526,2023-08-31,
CUST_1527,2023-06-08,
CUST_1528,2023-06-09,
CUST_1529,2023-05-12,
CUST_1530,2023-01-22,
CUST_1531,2023-11-22,2024-07-05
CUST_1532,2023-06-25,
CUST_1533,2023-12-23,
CUST_1534,2023-05-14,2024-04-20
CUST_1535,2023-01-10,
CUST_1536,2023-10-17,
CUST_1537,2023-03-26,
CUST_1538,2023-05-02,
CUST_1539,2023-11-12,
CUST_1540,2023-02-05,
CUST_1541,2023-03-10,
CUST_1542,2023-01-29,
CUST_1543,2023-01-19,
CUST_1544,2023-12-06,
CUST_1545,2023-01-24,
CUST_1546,2023-11-22,
CUST_1547,2023-07-08,
CUST_1548,2023-03-22,2024-05-09
CUST_1549,2023-07-23,
CUST_1550,2023-05-11,
CUST_1551,2023-12-07,
CUST_1552,2023-08-26,
CUST_1553,2023-07-30,2024-04-07
CUST_1554,2023-09-06,
CUST_1555,2023-01-23,
CUST_1556,2023-06-20,
CUST_1557,2023-01-04,
CUST_1558,2023-06-04,
CUST_1559,2023-06-26,2024-06-30
CUST_1560,2023-06-20,
CUST_1561,2023-08-03,
CUST_1562,2023-10-17,
CUST_1563,2023-12-07,2024-08-10
CUST_1564,2023-02-01,
CUST_1565,2023-05-02,
CUST_1566,2023-01-03,
CUST_1567,2023-09-23,
CUST_1568,2023-10-05,2024-09-29
CUST_1569,2023-05-28,
CUST_1570,2023-10-25,
CUST_1571,2023-12-17,2024-06-23
CUST_1572,2023-10-09,
CUST_1573,2023-12-01,
CUST_1574,2023-09-12,2024-05-11
CUST_1575,2023-09-26,
CUST_1576,2023-09-10,2024-08-02
CUST_1577,2023-07-15,
CUST_1578,2023-08-03,2024-09-02
CUST_1579,2023-06-11,
CUST_1580,2023-03-31,
CUST_1581,2023-04-28,
CUST_1582,2023-03-07,
CUST_1583,2023-11-21,
CUST_1584,2023-06-25,2024-11-19
CUST_1585,2023-07-02,
CUST_1586,2023-05-15,
CUST_1587,2023-08-28,
CUST_1588,2023-05-10,
CUST_1589,2023-08-25,
CUST_1590,2023-05-11,
CUST_1591,2023-10-27,
CUST_1592,2023-01-08,
CUST_1593,2023-11-10,
CUST_1594,2023-08-21,2024-07-30
CUST_1595,2023-01-17,
CUST_1596,2023-06-30,2024-09-06
CUST_1597,2023-02-08,
CUST_1598,2023-05-15,
CUST_1599,2023-09-01,
CUST_1600,2023-10-01,
CUST_1601,2023-03-13,
CUST_1602,2023-06-25,
CUST_1603,2023-03-05,
CUST_1604,2023-10-30,
CUST_1605,2023-10-30,
CUST_1606,2023-12-18,
CUST_1607,2023-10-29,
CUST_1608,2023-02-07,2024-02-26
CUST_1609,2023-09-16,
CUST_1610,2023-07-23,
CUST_1611,2023-09-08,
CUST_1612,2023-05-16,
CUST_1613,2023-08-22,
CUST_1614,2023-11-26,
CUST_1615,2023-02-25,2024-05-02
CUST_1616,2023-07-05,
CUST_1617,2023-04-29,2024-05-26
CUST_1618,2023-09-30,
CUST_1619,2023-01-02,
CUST_1620,2023-09-17,2024-07-04
CUST_1621,2023-01-25,
CUST_1622,2023-05-24,
CUST_1623,2023-02-03,
CUST_1624,2023-10-31,
CUST_1625,2023-06-19,
CUST_1626,2023-07-05,
CUST_1627,2023-08-14,2024-09-16
CUST_1628,2023-07-29,
CUST_1629,2023-10-22,
CUST_1630,2023-09-11,
CUST_1631,2023-02-09,2024-01-06
CUST_1632,2023-02-14,2024-02-22
CUST_1633,2023-09-30,2024-12-20
CUST_1634,2023-01-01,2024-01-07
CUST_1635,2023-09-09,
CUST_1636,2023-02-21,
CUST_1637,2023-04-20,
CUST_1638,2023-12-08,
CUST_1639,2023-09-28,
CUST_1640,2023-06-22,2024-08-19
CUST_1641,2023-03-07,
CUST_1642,2023-01-09,
CUST_1643,2023-05-28,
CUST_1644,2023-08-19,2024-10-04
CUST_1645,2023-08-26,
CUST_1646,2023-03-28,
CUST_1647,2023-03-25,
CUST_1648,2023-10-23,
CUST_1649,2023-08-29,2024-06-18
CUST_1650,2023-08-25,
CUST_1651,2023-11-15,
CUST_1652,2023-07-22,
CUST_1653,2023-03-22,
CUST_1654,2023-04-06,
CUST_1655,2023-06-02,
CUST_1656,2023-06-10,2024-06-10
CUST_1657,2023-12-08,
CUST_1658,2023-12-22,
CUST_1659,2023-07-08,2024-07-19
CUST_1660,2023-05-02,
CUST_1661,2023-11-06,
CUST_1662,2023-10-29,
CUST_1663,2023-10-07,
CUST_1664,2023-06-18,
CUST_1665,2023-08-09,
CUST_1666,2023-05-26,2024-01-05
CUST_1667,2023-10-25,
CUST_1668,2023-02-08,
CUST_1669,2023-04-16,
CUST_1670,2023-04-30,
CUST_1671,2023-10-24,
CUST_1672,2023-03-17,
CUST_1673,2023-07-14,
CUST_1674,2023-05-13,
CUST_1675,2023-03-29,2024-01-26
CUST_1676,2023-09-30,2024-08-07
CUST_1677,2023-01-08,
CUST_1678,2023-05-16,
CUST_1679,2023-03-10,
CUST_1680,2023-04-28,
CUST_1681,2023-11-13,
CUST_1682,2023-09-23,
CUST_1683,2023-12-15,
CUST_1684,2023-11-28,
CUST_1685,2023-11-10,
CUST_1686,2023-10-28,2024-12-03
CUST_1687,2023-05-22,2024-02-17
CUST_1688,2023-05-28,
CUST_1689,2023-09-27,
CUST_1690,2023-01-03,
CUST_1691,2023-10-20,
CUST_1692,2023-06-22,
CUST_1693,2023-05-13,
CUST_1694,2023-06-20,
CUST_1695,2023-12-26,
CUST_1696,2023-03-03,
CUST_1697,2023-06-18,
CUST_1698,2023-07-31,
CUST_1699,2023-06-18,
CUST_1700,2023-12-22,
CUST_1701,2023-09-23,
CUST_1702,2023-06-06,
CUST_1703,2023-04-26,2024-03-20
CUST_1704,2023-05-26,
CUST_1705,2023-02-06,
CUST_1706,2023-01-04,
CUST_1707,2023-07-04,
CUST_1708,2023-06-17,
CUST_1709,2023-06-08,
CUST_1710,2023-12-02,
CUST_1711,2023-01-20,2023-12-23
CUST_1712,2023-08-26,
CUST_1713,2023-08-06,
CUST_1714,2023-09-08,2024-12-08
CUST_1715,2023-05-22,
CUST_1716,2023-12-31,
CUST_1717,2023-07-03,
CUST_1718,2023-10-20,2024-10-08
CUST_1719,2023-01-15,
CUST_1720,2023-03-24,
CUST_1721,2023-08-26,
CUST_1722,2023-01-26,
CUST_1723,2023-03-11,
CUST_1724,2023-05-27,
CUST_1725,2023-11-24,
CUST_1726,2023-06-27,
CUST_1727,2023-07-21,
CUST_1728,2023-03-14,
CUST_1729,2023-03-21,
CUST_1730,2023-12-24,
CUST_1731,2023-06-22,
CUST_1732,2023-10-28,2024-10-24
CUST_1733,2023-08-03,2024-08-21
CUST_1734,2023-05-05,
CUST_1735,2023-06-04,
CUST_1736,2023-11-15,
CUST_1737,2023-09-09,
CUST_1738,2023-02-14,
CUST_1739,2023-06-15,
CUST_1740,2023-06-18,
CUST_1741,2023-12-22,
CUST_1742,2023-02-07,
CUST_1743,2023-04-12,2024-01-14
CUST_1744,2023-06-15,
CUST_1745,2023-02-17,
CUST_1746,2023-09-18,
CUST_1747,2023-01-02,
CUST_1748,2023-09-06,2024-07-10
CUST_1749,2023-09-11,
CUST_1750,2023-09-09,
CUST_1751,2023-11-02,
CUST_1752,2023-08-02,
CUST_1753,2023-09-17,
CUST_1754,2023-12-02,2024-06-16
CUST_1755,2023-01-10,
CUST_1756,2023-03-13,2023-12-31
CUST_1757,2023-03-19,
CUST_1758,2023-03-06,
CUST_1759,2023-03-16,2024-01-21
CUST_1760,2023-05-15,
CUST_1761,2023-10-31,
CUST_1762,2023-09-08,
CUST_1763,2023-11-16,
CUST_1764,2023-09-18,
CUST_1765,2023-08-01,
CUST_1766,2023-06-07,
CUST_1767,2023-10-18,
CUST_1768,2023-03-18,
CUST_1769,2023-06-05,
CUST_1770,2023-08-06,
CUST_1771,2023-06-14,
CUST_1772,2023-11-16,
CUST_1773,2023-12-18,
CUST_1774,2023-08-03,
CUST_1775,2023-05-27,
CUST_1776,2023-06-23,2024-04-26
CUST_1777,2023-01-25,2023-07-09
CUST_1778,2023-06-13,
CUST_1779,2023-07-03,
CUST_1780,2023-10-06,
CUST_1781,2023-02-24,
CUST_1782,2023-07-08,
CUST_1783,2023-06-12,
CUST_1784,2023-08-04,
CUST_1785,2023-01-14,
CUST_1786,2023-01-21,
CUST_1787,2023-09-02,
CUST_1788,2023-10-30,
CUST_1789,2023-01-08,
CUST_1790,2023-08-12,
CUST_1791,2023-07-26,
CUST_1792,2023-11-15,
CUST_1793,2023-10-18,
CUST_1794,2023-12-29,
CUST_1795,2023-12-10,
CUST_1796,2023-07-14,
CUST_1797,2023-12-24,
CUST_1798,2023-11-03,
CUST_1799,2023-07-03,
CUST_1800,2023-08-16,2024-12-01
CUST_1801,2023-11-29,
CUST_1802,2023-09-15,2024-05-20
CUST_1803,2023-10-23,
CUST_1804,2023-07-03,
CUST_1805,2023-02-25,2023-11-08
CUST_1806,2023-05-13,
CUST_1807,2023-10-31,
CUST_1808,2023-02-13,2023-12-17
CUST_1809,2023-10-03,
CUST_1810,2023-06-14,2024-02-27
CUST_1811,2023-10-04,
CUST_1812,2023-03-16,
CUST_1813,2023-09-14,2025-02-28
CUST_1814,2023-09-21,
CUST_1815,2023-03-30,2023-11-11
CUST_1816,2023-03-03,
CUST_1817,2023-08-11,2024-07-06
CUST_1818,2023-11-26,2024-09-18
CUST_1819,2023-10-01,
CUST_1820,2023-04-26,
CUST_1821,2023-08-18,
CUST_1822,2023-08-11,
CUST_1823,2023-04-22,2024-05-18
CUST_1824,2023-08-22,
CUST_1825,2023-03-25,
CUST_1826,2023-12-20,
CUST_1827,2023-05-03,
CUST_1828,2023-06-12,
CUST_1829,2023-04-19,
CUST_1830,2023-02-18,
CUST_1831,2023-09-06,
CUST_1832,2023-03-21,
CUST_1833,2023-02-08,
CUST_1834,2023-11-21,
CUST_1835,2023-05-01,
CUST_1836,2023-02-07,
CUST_1837,2023-02-04,
CUST_1838,2023-01-05,
CUST_1839,2023-08-19,
CUST_1840,2023-08-17,
CUST_1841,2023-01-27,
CUST_1842,2023-02-11,
CUST_1843,2023-05-02,
CUST_1844,2023-11-08,2024-06-15
CUST_1845,2023-02-04,
CUST_1846,2023-05-06,
CUST_1847,2023-05-10,
CUST_1848,2023-12-15,
CUST_1849,2023-03-15,
CUST_1850,2023-05-09,
CUST_1851,2023-09-28,
CUST_1852,2023-12-22,
CUST_1853,2023-05-11,
CUST_1854,2023-08-12,
CUST_1855,2023-01-31,
CUST_1856,2023-04-05,
CUST_1857,2023-12-25,
CUST_1858,2023-11-20,
CUST_1859,2023-04-13,
CUST_1860,2023-09-15,
CUST_1861,2023-03-20,2023-12-18
CUST_1862,2023-03-25,
CUST_1863,2023-03-10,
CUST_1864,2023-04-27,
CUST_1865,2023-07-31,
CUST_1866,2023-10-15,
CUST_1867,2023-08-10,
CUST_1868,2023-11-14,
CUST_1869,2023-01-06,
CUST_1870,2023-12-08,
CUST_1871,2023-11-26,
CUST_1872,2023-12-07,
CUST_1873,2023-01-28,
CUST_1874,2023-06-21,
CUST_1875,2023-07-01,
CUST_1876,2023-06-19,
CUST_1877,2023-07-11,2024-07-23
CUST_1878,2023-11-21,
CUST_1879,2023-09-03,
CUST_1880,2023-11-20,2024-11-09
CUST_1881,2023-06-08,
CUST_1882,2023-09-15,
CUST_1883,2023-12-07,
CUST_1884,2023-11-14,
CUST_1885,2023-08-12,
CUST_1886,2023-11-03,
CUST_1887,2023-10-23,
CUST_1888,2023-04-28,
CUST_1889,2023-01-03,
CUST_1890,2023-06-13,
CUST_1891,2023-08-06,
CUST_1892,2023-09-28,
CUST_1893,2023-09-19,
CUST_1894,2023-03-20,
CUST_1895,2023-02-17,
CUST_1896,2023-08-11,2024-09-19
CUST_1897,2023-01-08,
CUST_1898,2023-10-01,2024-05-14
CUST_1899,2023-12-07,
CUST_1900,2023-05-28,
CUST_1901,2023-07-12,
CUST_1902,2023-12-31,2024-10-15
CUST_1903,2023-10-14,
CUST_1904,2023-02-06,
CUST_1905,2023-01-03,2023-08-03
CUST_1906,2023-08-27,
CUST_1907,2023-10-08,
CUST_1908,2023-03-28,2024-04-19
CUST_1909,2023-03-17,
CUST_1910,2023-10-25,
CUST_1911,2023-09-02,
CUST_1912,2023-04-07,
CUST_1913,2023-08-28,
CUST_1914,2023-04-18,2024-02-24
CUST_1915,2023-09-07,
CUST_1916,2023-05-29,2024-07-20
CUST_1917,2023-11-26,
CUST_1918,2023-07-28,2024-05-25
CUST_1919,2023-06-15,
CUST_1920,2023-02-25,
CUST_1921,2023-04-06,
CUST_1922,2023-03-09,
CUST_1923,2023-07-09,2024-01-23
CUST_1924,2023-08-03,
CUST_1925,2023-10-02,
CUST_1926,2023-12-31,
CUST_1927,2023-05-27,
CUST_1928,2023-05-12,
CUST_1929,2023-07-08,
CUST_1930,2023-08-20,
CUST_1931,2023-05-08,
CUST_1932,2023-12-06,
CUST_1933,2023-05-12,
CUST_1934,2023-06-04,
CUST_1935,2023-12-15,
CUST_1936,2023-12-12,
CUST_1937,2023-05-27,
CUST_1938,2023-03-26,
CUST_1939,2023-02-18,
CUST_1940,2023-04-14,
CUST_1941,2023-07-23,
CUST_1942,2023-09-04,
CUST_1943,2023-03-05,
CUST_1944,2023-09-03,
CUST_1945,2023-01-14,
CUST_1946,2023-02-24,
CUST_1947,2023-09-14,
CUST_1948,2023-11-19,
CUST_1949,2023-05-08,
CUST_1950,2023-07-15,
CUST_1951,2023-07-23,
CUST_1952,2023-07-13,
CUST_1953,2023-07-17,
CUST_1954,2023-11-24,
CUST_1955,2023-01-20,
CUST_1956,2023-12-17,
CUST_1957,2023-10-31,
CUST_1958,2023-08-05,2024-10-21
CUST_1959,2023-05-03,
CUST_1960,2023-10-30,
CUST_1961,2023-01-26,2024-03-03
CUST_1962,2023-05-12,
CUST_1963,2023-12-06,2024-10-26
CUST_1964,2023-01-06,
CUST_1965,2023-07-31,
CUST_1966,2023-12-29,
CUST_1967,2023-10-01,
CUST_1968,2023-09-19,
CUST_1969,2023-05-04,2024-04-19
CUST_1970,2023-04-22,2023-12-17
CUST_1971,2023-04-08,
CUST_1972,2023-08-19,
CUST_1973,2023-05-11,
CUST_1974,2023-12-16,
CUST_1975,2023-04-12,
CUST_1976,2023-06-22,
CUST_1977,2023-04-15,
CUST_1978,2023-11-15,
CUST_1979,2023-05-24,
CUST_1980,2023-09-21,
CUST_1981,2023-03-12,
CUST_1982,2023-12-16,
CUST_1983,2023-05-11,
CUST_1984,2023-07-23,2024-08-20
CUST_1985,2023-07-25,
CUST_1986,2023-08-20,
CUST_1987,2023-10-15,
CUST_1988,2023-09-11,
CUST_1989,2023-03-08,
CUST_1990,2023-11-25,
CUST_1991,2023-03-08,
CUST_1992,2023-10-25,
CUST_1993,2023-08-24,
CUST_1994,2023-09-12,
CUST_1995,2023-05-20,
CUST_1996,2023-03-03,
CUST_1997,2023-10-14,
CUST_1998,2023-04-14,
CUST_1999,2023-06-27,
CUST_2000,2023-04-06,
CUST_2001,2023-07-04,
CUST_2002,2023-11-17,
CUST_2003,2023-05-19,2024-02-05
CUST_2004,2023-11-06,
CUST_2005,2023-06-12,
CUST_2006,2023-09-21,
CUST_2007,2023-08-26,
CUST_2008,2023-01-03,
CUST_2009,2023-10-24,
CUST_2010,2023-11-03,
CUST_2011,2023-10-08,
CUST_2012,2023-02-18,
CUST_2013,2023-01-15,
CUST_2014,2023-11-09,2025-03-01
CUST_2015,2023-11-09,2024-09-23
CUST_2016,2023-02-27,
CUST_2017,2023-03-06,
CUST_2018,2023-09-25,2024-10-04
CUST_2019,2023-12-02,
CUST_2020,2023-01-01,2023-12-20
CUST_2021,2023-05-24,
CUST_2022,2023-06-27,
CUST_2023,2023-07-02,
CUST_2024,2023-02-12,
CUST_2025,2023-09-13,
CUST_2026,2023-04-03,
CUST_2027,2023-05-07,
CUST_2028,2023-07-04,
CUST_2029,2023-04-26,2024-05-03
CUST_2030,2023-12-19,
CUST_2031,2023-01-09,
CUST_2032,2023-11-12,
CUST_2033,2023-05-09,
CUST_2034,2023-06-08,
CUST_2035,2023-06-11,
CUST_2036,2023-03-25,2024-01-13
CUST_2037,2023-04-12,
CUST_2038,2023-11-24,
CUST_2039,2023-12-29,
CUST_2040,2023-03-28,
CUST_2041,2023-09-26,2025-01-14
CUST_2042,2023-12-16,
CUST_2043,2023-10-12,
CUST_2044,2023-09-10,2024-11-26
CUST_2045,2023-12-18,
CUST_2046,2023-12-25,
CUST_2047,2023-11-22,
CUST_2048,2023-11-29,
CUST_2049,2023-05-08,
CUST_2050,2023-10-29,
CUST_2051,2023-10-02,
CUST_2052,2023-12-18,
CUST_2053,2023-12-23,
CUST_2054,2023-05-24,
CUST_2055,2023-09-11,
CUST_2056,2023-05-22,2024-02-05
CUST_2057,2023-10-01,
CUST_2058,2023-03-19,
CUST_2059,2023-05-27,
CUST_2060,2023-07-02,
CUST_2061,2023-03-29,
CUST_2062,2023-06-26,2024-11-07
CUST_2063,2023-09-06,
CUST_2064,2023-01-13,
CUST_2065,2023-06-15,
CUST_2066,2023-10-28,
CUST_2067,2023-09-05,
CUST_2068,2023-11-08,
CUST_2069,2023-04-01,2024-07-10
CUST_2070,2023-10-05,
CUST_2071,2023-02-24,
CUST_2072,2023-03-28,
CUST_2073,2023-04-05,
CUST_2074,2023-02-22,2023-12-17
CUST_2075,2023-03-13,
CUST_2076,2023-12-05,
CUST_2077,2023-08-24,
CUST_2078,2023-05-01,
CUST_2079,2023-08-02,
CUST_2080,2023-02-23,
CUST_2081,2023-02-08,
CUST_2082,2023-10-22,
CUST_2083,2023-06-18,
CUST_2084,2023-08-02,
CUST_2085,2023-11-03,
CUST_2086,2023-02-08,
CUST_2087,2023-06-23,
CUST_2088,2023-10-21,
CUST_2089,2023-06-17,
CUST_2090,2023-10-16,
CUST_2091,2023-03-05,
CUST_2092,2023-10-09,2024-07-12
CUST_2093,2023-01-07,
CUST_2094,2023-09-17,
CUST_2095,2023-06-29,
CUST_2096,2023-03-24,
CUST_2097,2023-12-10,2024-10-20
CUST_2098,2023-05-29,
CUST_2099,2023-06-28,2024-07-17
CUST_2100,2023-09-15,
CUST_2101,2023-05-12,2024-04-23
CUST_2102,2023-03-07,
CUST_2103,2023-10-05,
CUST_2104,2023-07-31,
CUST_2105,2023-04-27,
CUST_2106,2023-07-18,
CUST_2107,2023-01-15,
CUST_2108,2023-06-07,2024-02-25
CUST_2109,2023-05-30,
CUST_2110,2023-08-21,
CUST_2111,2023-06-20,
CUST_2112,2023-09-20,
CUST_2113,2023-05-05,
CUST_2114,2023-09-17,
CUST_2115,2023-12-02,2024-11-14
CUST_2116,2023-10-23,
CUST_2117,2023-01-18,
CUST_2118,2023-06-02,
CUST_2119,2023-12-28,
CUST_2120,2023-11-23,
CUST_2121,2023-10-14,
CUST_2122,2023-07-23,2024-05-27
CUST_2123,2023-03-10,
CUST_2124,2023-09-06,2024-04-06
CUST_2125,2023-09-03,2024-08-29
CUST_2126,2023-07-22,
CUST_2127,2023-01-25,2023-10-22
CUST_2128,2023-02-08,
CUST_2129,2023-09-08,
CUST_2130,2023-07-28,
CUST_2131,2023-06-28,
CUST_2132,2023-12-29,2024-12-29
CUST_2133,2023-03-08,
CUST_2134,2023-05-03,
CUST_2135,2023-11-30,
CUST_2136,2023-09-07,
CUST_2137,2023-08-21,
CUST_2138,2023-08-14,
CUST_2139,2023-10-16,2024-07-03
CUST_2140,2023-08-07,
CUST_2141,2023-02-27,
CUST_2142,2023-05-10,
CUST_2143,2023-11-28,2024-10-03
CUST_2144,2023-03-20,
CUST_2145,2023-04-22,
CUST_2146,2023-04-17,
CUST_2147,2023-06-15,
CUST_2148,2023-01-12,
CUST_2149,2023-05-24,
CUST_2150,2023-03-10,
CUST_2151,2023-05-23,2024-05-31
CUST_2152,2023-03-25,
CUST_2153,2023-11-22,
CUST_2154,2023-05-18,
CUST_2155,2023-12-04,
CUST_2156,2023-10-05,
CUST_2157,2023-04-27,
CUST_2158,2023-12-19,
CUST_2159,2023-06-28,
CUST_2160,2023-02-05,
CUST_2161,2023-10-02,
CUST_2162,2023-03-03,
CUST_2163,2023-06-14,
CUST_2164,2023-11-11,
CUST_2165,2023-10-31,
CUST_2166,2023-06-09,2024-03-09
CUST_2167,2023-10-24,
CUST_2168,2023-06-22,
CUST_2169,2023-04-06,
CUST_2170,2023-11-05,
CUST_2171,2023-04-29,2024-02-08
CUST_2172,2023-09-09,
CUST_2173,2023-07-29,
CUST_2174,2023-07-04,
CUST_2175,2023-09-18,
CUST_2176,2023-06-11,
CUST_2177,2023-01-22,
CUST_2178,2023-02-04,2024-04-02
CUST_2179,2023-02-08,
CUST_2180,2023-04-14,
CUST_2181,2023-05-12,
CUST_2182,2023-01-08,
CUST_2183,2023-01-30,
CUST_2184,2023-11-26,
CUST_2185,2023-11-24,
CUST_2186,2023-08-12,
CUST_2187,2023-02-28,
CUST_2188,2023-10-08,
CUST_2189,2023-03-29,
CUST_2190,2023-07-30,
CUST_2191,2023-08-06,2024-05-28
CUST_2192,2023-12-06,
CUST_2193,2023-07-29,
CUST_2194,2023-10-09,
CUST_2195,2023-01-21,
CUST_2196,2023-08-20,
CUST_2197,2023-07-08,
CUST_2198,2023-12-22,
CUST_2199,2023-02-24,
CUST_2200,2023-01-30,
CUST_2201,2023-08-09,
CUST_2202,2023-03-29,
CUST_2203,2023-09-22,
CUST_2204,2023-06-20,
CUST_2205,2023-08-24,
CUST_2206,2023-05-28,
CUST_2207,2023-08-22,
CUST_2208,2023-07-07,
CUST_2209,2023-11-11,
CUST_2210,2023-06-14,
CUST_2211,2023-11-20,
CUST_2212,2023-01-26,
CUST_2213,2023-05-21,
CUST_2214,2023-04-18,
CUST_2215,2023-03-21,
CUST_2216,2023-06-27,
CUST_2217,2023-03-07,2024-01-11
CUST_2218,2023-03-07,2023-11-19
CUST_2219,2023-04-11,
CUST_2220,2023-06-11,
CUST_2221,2023-03-13,
CUST_2222,2023-04-24,
CUST_2223,2023-08-04,
CUST_2224,2023-03-29,
CUST_2225,2023-04-12,
CUST_2226,2023-12-01,
CUST_2227,2023-01-26,
CUST_2228,2023-07-14,
CUST_2229,2023-09-05,
CUST_2230,2023-07-10,2024-10-07
CUST_2231,2023-12-31,
CUST_2232,2023-07-03,
CUST_2233,2023-11-19,
CUST_2234,2023-05-11,
CUST_2235,2023-07-12,
CUST_2236,2023-03-31,
CUST_2237,2023-01-07,2023-09-25
CUST_2238,2023-05-02,
CUST_2239,2023-03-05,
CUST_2240,2023-12-15,
CUST_2241,2023-10-30,
CUST_2242,2023-01-06,2024-02-09
CUST_2243,2023-02-18,
CUST_2244,2023-07-19,
CUST_2245,2023-07-24,
CUST_2246,2023-08-09,
CUST_2247,2023-10-31,
CUST_2248,2023-07-12,
CUST_2249,2023-10-22,
CUST_2250,2023-07-10,
CUST_2251,2023-08-16,
CUST_2252,2023-12-08,2024-10-09
CUST_2253,2023-10-22,
CUST_2254,2023-09-09,
CUST_2255,2023-10-24,
CUST_2256,2023-02-15,
CUST_2257,2023-11-29,
CUST_2258,2023-01-09,
CUST_2259,2023-03-20,
CUST_2260,2023-06-30,
CUST_2261,2023-03-05,2024-03-05
CUST_2262,2023-01-01,
CUST_2263,2023-07-09,
CUST_2264,2023-07-13,
CUST_2265,2023-04-29,
CUST_2266,2023-03-10,
CUST_2267,2023-07-01,
CUST_2268,2023-05-27,
CUST_2269,2023-12-06,
CUST_2270,2023-03-20,
CUST_2271,2023-10-27,
CUST_2272,2023-05-06,2024-01-16
CUST_2273,2023-10-26,
CUST_2274,2023-05-22,
CUST_2275,2023-07-07,
CUST_2276,2023-07-01,
CUST_2277,2023-02-09,
CUST_2278,2023-04-10,
CUST_2279,2023-02-11,
CUST_2280,2023-01-04,
CUST_2281,2023-12-15,
CUST_2282,2023-10-03,
CUST_2283,2023-05-27,
CUST_2284,2023-07-08,2024-05-26
CUST_2285,2023-03-12,
CUST_2286,2023-10-23,
CUST_2287,2023-07-31,
CUST_2288,2023-03-06,
CUST_2289,2023-06-13,2024-01-16
CUST_2290,2023-01-21,2024-05-06
CUST_2291,2023-12-03,
CUST_2292,2023-10-12,2024-10-05
CUST_2293,2023-08-11,
CUST_2294,2023-07-13,
CUST_2295,2023-03-01,
CUST_2296,2023-03-06,
CUST_2297,2023-02-08,
CUST_2298,2023-03-09,
CUST_2299,2023-11-24,
CUST_2300,2023-11-27,
CUST_2301,2023-12-01,
CUST_2302,2023-01-26,
CUST_2303,2023-10-18,
CUST_2304,2023-07-23,
CUST_2305,2023-08-26,
CUST_2306,2023-08-02,
CUST_2307,2023-04-21,2023-12-22
CUST_2308,2023-01-11,
CUST_2309,2023-05-19,
CUST_2310,2023-10-24,
CUST_2311,2023-10-20,
CUST_2312,2023-06-01,
CUST_2313,2023-01-24,2024-06-11
CUST_2314,2023-10-06,2024-09-11
CUST_2315,2023-11-13,
CUST_2316,2023-09-11,
CUST_2317,2023-08-19,
CUST_2318,2023-05-17,
CUST_2319,2023-08-24,
CUST_2320,2023-12-18,
CUST_2321,2023-09-09,2024-12-13
CUST_2322,2023-01-06,
CUST_2323,2023-11-14,
CUST_2324,2023-08-01,
CUST_2325,2023-02-28,
CUST_2326,2023-04-26,
CUST_2327,2023-03-03,2024-01-03
CUST_2328,2023-02-06,
CUST_2329,2023-10-08,2024-10-08
CUST_2330,2023-03-23,
CUST_2331,2023-08-11,2024-10-11
CUST_2332,2023-10-17,
CUST_2333,2023-11-14,2024-09-04
CUST_2334,2023-06-28,2024-09-02
CUST_2335,2023-11-17,
CUST_2336,2023-06-06,
CUST_2337,2023-11-02,
CUST_2338,2023-11-18,
CUST_2339,2023-10-21,
CUST_2340,2023-08-18,
CUST_2341,2023-01-18,2023-09-14
CUST_2342,2023-12-13,2024-11-12
CUST_2343,2023-08-09,
CUST_2344,2023-12-20,
CUST_2345,2023-06-28,
CUST_2346,2023-05-04,2024-03-17
CUST_2347,2023-12-08,
CUST_2348,2023-03-16,
CUST_2349,2023-02-03,2024-04-27
CUST_2350,2023-05-29,
CUST_2351,2023-06-14,
CUST_2352,2023-10-05,
CUST_2353,2023-07-13,2024-03-27
CUST_2354,2023-05-25,2024-07-28
CUST_2355,2023-05-31,2024-08-14
CUST_2356,2023-10-19,
CUST_2357,2023-09-27,
CUST_2358,2023-12-15,2024-10-10
CUST_2359,2023-09-24,2024-07-24
CUST_2360,2023-08-07,
CUST_2361,2023-08-21,
CUST_2362,2023-07-14,
CUST_2363,2023-09-16,
CUST_2364,2023-08-17,
CUST_2365,2023-11-16,2024-10-04
CUST_2366,2023-10-18,2024-12-30
CUST_2367,2023-06-21,
CUST_2368,2023-07-06,2024-07-20
CUST_2369,2023-08-11,
CUST_2370,2023-12-07,
CUST_2371,2023-07-03,
CUST_2372,2023-06-20,
CUST_2373,2023-12-21,
CUST_2374,2023-09-27,
CUST_2375,2023-02-24,
CUST_2376,2023-06-18,
CUST_2377,2023-02-09,
CUST_2378,2023-10-23,
CUST_2379,2023-08-10,
CUST_2380,2023-03-05,
CUST_2381,2023-04-19,
CUST_2382,2023-03-22,
CUST_2383,2023-06-04,
CUST_2384,2023-11-23,
CUST_2385,2023-05-03,
CUST_2386,2023-12-31,2024-12-03
CUST_2387,2023-05-05,
CUST_2388,2023-07-02,
CUST_2389,2023-01-20,2023-08-04
CUST_2390,2023-06-13,
CUST_2391,2023-05-27,
CUST_2392,2023-05-22,
CUST_2393,2023-11-01,
CUST_2394,2023-07-22,
CUST_2395,2023-11-22,
CUST_2396,2023-04-25,
CUST_2397,2023-05-29,
CUST_2398,2023-03-03,
CUST_2399,2023-09-08,
CUST_2400,2023-05-25,
CUST_2401,2023-08-08,2024-02-25
CUST_2402,2023-12-19,
CUST_2403,2023-08-13,
CUST_2404,2023-07-23,
CUST_2405,2023-12-27,
CUST_2406,2023-07-20,
CUST_2407,2023-04-09,2024-06-11
CUST_2408,2023-04-02,
CUST_2409,2023-06-26,
CUST_2410,2023-01-20,
CUST_2411,2023-04-09,
CUST_2412,2023-07-01,
CUST_2413,2023-10-02,
CUST_2414,2023-07-21,
CUST_2415,2023-11-22,
CUST_2416,2023-08-01,
CUST_2417,2023-03-05,
CUST_2418,2023-10-23,
CUST_2419,2023-05-10,
CUST_2420,2023-02-10,2023-09-05
CUST_2421,2023-02-11,
CUST_2422,2023-06-03,
CUST_2423,2023-08-30,
CUST_2424,2023-10-13,2024-07-02
CUST_2425,2023-12-30,
CUST_2426,2023-04-02,
CUST_2427,2023-10-02,
CUST_2428,2023-12-27,
CUST_2429,2023-12-22,
CUST_2430,2023-12-23,
CUST_2431,2023-09-27,
CUST_2432,2023-03-02,
CUST_2433,2023-02-18,
CUST_2434,2023-12-29,
CUST_2435,2023-09-19,
CUST_2436,2023-03-07,
CUST_2437,2023-08-06,2024-08-22
CUST_2438,2023-05-20,
CUST_2439,2023-04-12,2024-06-07
CUST_2440,2023-04-10,
CUST_2441,2023-11-14,
CUST_2442,2023-05-04,2024-06-05
CUST_2443,2023-06-16,
CUST_2444,2023-10-02,
CUST_2445,2023-10-29,
CUST_2446,2023-09-26,
CUST_2447,2023-01-25,
CUST_2448,2023-05-12,
CUST_2449,2023-04-28,
CUST_2450,2023-08-14,
CUST_2451,2023-04-26,
CUST_2452,2023-07-13,
CUST_2453,2023-08-15,
CUST_2454,2023-10-24,
CUST_2455,2023-02-15,
CUST_2456,2023-09-22,2024-12-12
CUST_2457,2023-12-25,
CUST_2458,2023-02-24,
CUST_2459,2023-02-21,
CUST_2460,2023-01-18,2024-05-02
CUST_2461,2023-03-02,2024-06-16
CUST_2462,2023-06-21,
CUST_2463,2023-11-27,2024-10-20
CUST_2464,2023-12-25,
CUST_2465,2023-09-22,
CUST_2466,2023-09-24,
CUST_2467,2023-06-05,
CUST_2468,2023-09-07,
CUST_2469,2023-08-23,
CUST_2470,2023-10-27,
CUST_2471,2023-07-30,2024-04-10
CUST_2472,2023-11-04,
CUST_2473,2023-07-23,
CUST_2474,2023-10-23,2024-04-22
CUST_2475,2023-10-09,
CUST_2476,2023-06-23,2024-05-20
CUST_2477,2023-11-26,
CUST_2478,2023-10-11,
CUST_2479,2023-07-23,
CUST_2480,2023-02-09,
CUST_2481,2023-09-30,2024-10-03
CUST_2482,2023-02-13,
CUST_2483,2023-06-25,
CUST_2484,2023-05-30,2024-09-08
CUST_2485,2023-04-28,
CUST_2486,2023-12-28,
CUST_2487,2023-03-14,2024-04-11
CUST_2488,2023-04-14,
CUST_2489,2023-03-30,
CUST_2490,2023-06-24,
CUST_2491,2023-09-23,2024-11-09
CUST_2492,2023-09-26,
CUST_2493,2023-05-15,
CUST_2494,2023-08-31,
CUST_2495,2023-07-22,
CUST_2496,2023-01-17,
CUST_2497,2023-09-08,2024-08-15
CUST_2498,2023-11-15,
CUST_2499,2023-10-03,
CUST_2500,2023-12-06,2024-11-30
CUST_2501,2023-04-15,
CUST_2502,2023-08-16,
CUST_2503,2023-06-01,2024-07-02
CUST_2504,2023-07-09,
CUST_2505,2023-10-17,
CUST_2506,2023-08-29,
CUST_2507,2023-12-16,2024-09-24
CUST_2508,2023-09-17,2024-06-13
CUST_2509,2023-05-03,
CUST_2510,2023-07-16,2024-09-25
CUST_2511,2023-12-12,
CUST_2512,2023-03-22,
CUST_2513,2023-09-15,
CUST_2514,2023-06-28,
CUST_2515,2023-01-05,
CUST_2516,2023-02-13,
CUST_2517,2023-01-11,
CUST_2518,2023-01-30,
CUST_2519,2023-06-17,
CUST_2520,2023-12-22,
CUST_2521,2023-04-03,
CUST_2522,2023-05-22,
CUST_2523,2023-08-30,
CUST_2524,2023-05-28,
CUST_2525,2023-02-07,
CUST_2526,2023-05-16,2024-01-03
CUST_2527,2023-10-16,
CUST_2528,2023-02-08,
CUST_2529,2023-02-13,
CUST_2530,2023-08-31,
CUST_2531,2023-10-06,
CUST_2532,2023-12-15,
CUST_2533,2023-03-31,
CUST_2534,2023-04-17,
CUST_2535,2023-10-12,
CUST_2536,2023-05-30,
CUST_2537,2023-01-26,
CUST_2538,2023-08-04,
CUST_2539,2023-03-23,
CUST_2540,2023-02-17,2024-02-24
CUST_2541,2023-04-22,2024-06-09
CUST_2542,2023-06-19,
CUST_2543,2023-10-21,
CUST_2544,2023-08-12,2024-04-03
CUST_2545,2023-09-08,
CUST_2546,2023-02-06,
CUST_2547,2023-07-01,
CUST_2548,2023-04-08,
CUST_2549,2023-07-29,
CUST_2550,2023-04-16,
CUST_2551,2023-11-28,
CUST_2552,2023-11-02,
CUST_2553,2023-09-20,
CUST_2554,2023-05-20,
CUST_2555,2023-10-17,
CUST_2556,2023-03-21,
CUST_2557,2023-07-04,
CUST_2558,2023-03-14,
CUST_2559,2023-03-21,
CUST_2560,2023-02-25,
CUST_2561,2023-01-05,
CUST_2562,2023-06-03,
CUST_2563,2023-01-11,
CUST_2564,2023-08-20,
CUST_2565,2023-09-30,
CUST_2566,2023-11-19,
CUST_2567,2023-05-15,
CUST_2568,2023-04-15,
CUST_2569,2023-03-28,
CUST_2570,2023-01-10,2024-01-13
CUST_2571,2023-08-21,
CUST_2572,2023-01-21,
CUST_2573,2023-12-23,
CUST_2574,2023-01-17,
CUST_2575,2023-05-29,
CUST_2576,2023-01-31,2023-08-01
CUST_2577,2023-03-07,
CUST_2578,2023-12-03,
CUST_2579,2023-10-22,2025-03-14
CUST_2580,2023-01-18,
CUST_2581,2023-12-01,
CUST_2582,2023-08-31,2024-07-09
CUST_2583,2023-07-08,
CUST_2584,2023-10-14,
CUST_2585,2023-08-21,
CUST_2586,2023-06-12,2024-07-22
CUST_2587,2023-04-27,
CUST_2588,2023-05-18,
CUST_2589,2023-07-18,
CUST_2590,2023-12-17,
CUST_2591,2023-08-22,
CUST_2592,2023-12-11,
CUST_2593,2023-09-07,
CUST_2594,2023-12-20,
CUST_2595,2023-01-18,
CUST_2596,2023-06-07,
CUST_2597,2023-08-18,
CUST_2598,2023-10-16,2024-11-21
CUST_2599,2023-09-16,2024-03-04
CUST_2600,2023-12-08,
CUST_2601,2023-09-27,
CUST_2602,2023-04-23,
CUST_2603,2023-12-06,
CUST_2604,2023-08-02,
CUST_2605,2023-10-10,
CUST_2606,2023-12-09,
CUST_2607,2023-10-16,
CUST_2608,2023-03-10,
CUST_2609,2023-01-06,
CUST_2610,2023-12-04,
CUST_2611,2023-12-17,
CUST_2612,2023-11-05,
CUST_2613,2023-08-14,2024-05-11
CUST_2614,2023-06-02,
CUST_2615,2023-08-30,
CUST_2616,2023-07-17,
CUST_2617,2023-05-12,
CUST_2618,2023-08-23,
CUST_2619,2023-05-31,2024-03-25
CUST_2620,2023-10-03,
CUST_2621,2023-01-05,
CUST_2622,2023-11-24,
CUST_2623,2023-04-14,
CUST_2624,2023-05-05,
CUST_2625,2023-06-11,2024-04-02
CUST_2626,2023-08-15,
CUST_2627,2023-04-27,
CUST_2628,2023-08-22,
CUST_2629,2023-04-21,
CUST_2630,2023-04-05,
CUST_2631,2023-08-20,
CUST_2632,2023-05-15,
CUST_2633,2023-08-20,
CUST_2634,2023-05-21,
CUST_2635,2023-08-11,
CUST_2636,2023-03-03,
CUST_2637,2023-04-03,2023-10-18
CUST_2638,2023-01-27,
CUST_2639,2023-04-18,
CUST_2640,2023-03-24,
CUST_2641,2023-01-30,
CUST_2642,2023-11-05,
CUST_2643,2023-05-09,
CUST_2644,2023-06-07,
CUST_2645,2023-07-30,
CUST_2646,2023-08-26,
CUST_2647,2023-09-29,2024-09-15
CUST_2648,2023-01-29,
CUST_2649,2023-01-25,
CUST_2650,2023-03-30,
CUST_2651,2023-09-29,
CUST_2652,2023-09-21,2024-04-05
CUST_2653,2023-04-09,
CUST_2654,2023-05-11,
CUST_2655,2023-06-17,
CUST_2656,2023-06-01,
CUST_2657,2023-11-14,
CUST_2658,2023-02-27,
CUST_2659,2023-08-11,
CUST_2660,2023-05-28,
CUST_2661,2023-03-22,
CUST_2662,2023-06-14,
CUST_2663,2023-08-08,
CUST_2664,2023-12-06,
CUST_2665,2023-08-28,
CUST_2666,2023-04-07,
CUST_2667,2023-08-10,
CUST_2668,2023-01-04,
CUST_2669,2023-02-12,
CUST_2670,2023-04-08,
CUST_2671,2023-07-11,
CUST_2672,2023-09-23,
CUST_2673,2023-04-30,
CUST_2674,2023-07-18,
CUST_2675,2023-12-24,
CUST_2676,2023-04-20,2024-08-16
CUST_2677,2023-07-29,
CUST_2678,2023-12-03,
CUST_2679,2023-01-08,
CUST_2680,2023-05-14,
CUST_2681,2023-02-06,
CUST_2682,2023-07-05,
CUST_2683,2023-01-28,
CUST_2684,2023-01-26,
CUST_2685,2023-03-16,
CUST_2686,2023-06-02,
CUST_2687,2023-02-09,2023-11-05
CUST_2688,2023-01-16,
CUST_2689,2023-06-23,
CUST_2690,2023-07-22,
CUST_2691,2023-12-15,2024-12-02
CUST_2692,2023-02-09,
CUST_2693,2023-10-28,2024-06-08
CUST_2694,2023-05-04,
CUST_2695,2023-07-17,
CUST_2696,2023-01-03,
CUST_2697,2023-09-17,
CUST_2698,2023-02-04,
CUST_2699,2023-12-03,
CUST_2700,2023-03-21,
CUST_2701,2023-07-16,
CUST_2702,2023-03-17,
CUST_2703,2023-09-01,
CUST_2704,2023-04-24,
CUST_2705,2023-11-20,
CUST_2706,2023-12-16,2024-06-17
CUST_2707,2023-07-24,
CUST_2708,2023-07-31,
CUST_2709,2023-12-08,
CUST_2710,2023-08-27,
CUST_2711,2023-05-08,2024-04-02
CUST_2712,2023-03-24,
CUST_2713,2023-03-07,
CUST_2714,2023-07-07,
CUST_2715,2023-11-17,
CUST_2716,2023-04-17,2023-10-26
CUST_2717,2023-07-04,
CUST_2718,2023-06-14,
CUST_2719,2023-03-16,
CUST_2720,2023-10-12,2024-07-22
CUST_2721,2023-06-20,2024-10-15
CUST_2722,2023-10-08,
CUST_2723,2023-05-26,
CUST_2724,2023-01-27,
CUST_2725,2023-05-26,
CUST_2726,2023-09-11,
CUST_2727,2023-04-07,2024-02-21
CUST_2728,2023-05-06,
CUST_2729,2023-02-08,
CUST_2730,2023-08-25,
CUST_2731,2023-11-28,
CUST_2732,2023-08-12,
CUST_2733,2023-01-12,2023-10-10
CUST_2734,2023-11-21,
CUST_2735,2023-08-10,
CUST_2736,2023-06-04,
CUST_2737,2023-09-25,
CUST_2738,2023-02-26,
CUST_2739,2023-03-03,2023-10-19
CUST_2740,2023-01-07,2023-10-03
CUST_2741,2023-06-24,
CUST_2742,2023-09-23,2024-03-24
CUST_2743,2023-04-22,
CUST_2744,2023-10-30,
CUST_2745,2023-11-19,
CUST_2746,2023-12-24,2024-12-15
CUST_2747,2023-04-18,2024-02-09
CUST_2748,2023-07-15,
CUST_2749,2023-01-09,
CUST_2750,2023-04-10,
CUST_2751,2023-06-13,
CUST_2752,2023-07-30,
CUST_2753,2023-09-15,
CUST_2754,2023-03-23,
CUST_2755,2023-07-08,
CUST_2756,2023-06-21,
CUST_2757,2023-10-21,
CUST_2758,2023-03-03,
CUST_2759,2023-12-31,
CUST_2760,2023-09-20,
CUST_2761,2023-10-17,
CUST_2762,2023-10-06,2024-07-25
CUST_2763,2023-11-02,
CUST_2764,2023-11-16,
CUST_2765,2023-04-04,
CUST_2766,2023-04-28,
CUST_2767,2023-04-22,
CUST_2768,2023-08-26,
CUST_2769,2023-09-03,
CUST_2770,2023-02-27,
CUST_2771,2023-07-27,
CUST_2772,2023-05-13,
CUST_2773,2023-04-15,
CUST_2774,2023-12-09,
CUST_2775,2023-08-28,
CUST_2776,2023-06-19,
CUST_2777,2023-02-08,2023-11-01
CUST_2778,2023-08-28,
CUST_2779,2023-03-06,
CUST_2780,2023-02-10,2024-06-23
CUST_2781,2023-02-22,
CUST_2782,2023-05-06,2024-04-25
CUST_2783,2023-05-08,
CUST_2784,2023-11-29,
CUST_2785,2023-09-28,2024-10-02
CUST_2786,2023-05-21,
CUST_2787,2023-09-17,
CUST_2788,2023-07-13,
CUST_2789,2023-06-03,
CUST_2790,2023-12-23,
CUST_2791,2023-03-29,
CUST_2792,2023-01-12,
CUST_2793,2023-03-28,
CUST_2794,2023-12-19,
CUST_2795,2023-11-16,
CUST_2796,2023-01-15,
CUST_2797,2023-10-04,
CUST_2798,2023-05-15,
CUST_2799,2023-04-02,
CUST_2800,2023-11-08,
CUST_2801,2023-02-02,
CUST_2802,2023-04-18,
CUST_2803,2023-05-12,2024-05-17
CUST_2804,2023-09-25,
CUST_2805,2023-03-18,
CUST_2806,2023-07-05,
CUST_2807,2023-01-11,
CUST_2808,2023-05-31,
CUST_2809,2023-01-17,
CUST_2810,2023-08-12,
CUST_2811,2023-07-04,
CUST_2812,2023-09-21,
CUST_2813,2023-05-09,
CUST_2814,2023-06-06,
CUST_2815,2023-05-04,2024-08-25
CUST_2816,2023-07-26,
CUST_2817,2023-01-12,
CUST_2818,2023-01-22,
CUST_2819,2023-10-09,
CUST_2820,2023-03-15,2024-06-02
CUST_2821,2023-12-07,
CUST_2822,2023-09-05,
CUST_2823,2023-05-08,
CUST_2824,2023-04-11,
CUST_2825,2023-12-22,2025-05-06
CUST_2826,2023-04-24,
CUST_2827,2023-03-02,
CUST_2828,2023-01-12,
CUST_2829,2023-02-01,
CUST_2830,2023-03-31,
CUST_2831,2023-07-05,
CUST_2832,2023-09-13,
CUST_2833,2023-09-15,
CUST_2834,2023-02-14,2024-01-03
CUST_2835,2023-06-07,
CUST_2836,2023-03-16,
CUST_2837,2023-05-29,
CUST_2838,2023-10-27,
CUST_2839,2023-08-07,
CUST_2840,2023-04-19,
CUST_2841,2023-04-01,
CUST_2842,2023-04-10,
CUST_2843,2023-04-13,
CUST_2844,2023-07-17,2024-03-30
CUST_2845,2023-06-02,
CUST_2846,2023-10-29,
CUST_2847,2023-06-24,
CUST_2848,2023-03-13,
CUST_2849,2023-03-24,2023-12-09
CUST_2850,2023-05-18,
CUST_2851,2023-11-12,
CUST_2852,2023-11-06,
CUST_2853,2023-04-25,
CUST_2854,2023-07-27,
CUST_2855,2023-08-31,
CUST_2856,2023-11-19,2024-07-30
CUST_2857,2023-11-21,2024-11-18
CUST_2858,2023-07-03,
CUST_2859,2023-09-28,
CUST_2860,2023-07-15,2024-06-25
CUST_2861,2023-12-19,
CUST_2862,2023-12-03,
CUST_2863,2023-07-06,
CUST_2864,2023-08-29,
CUST_2865,2023-11-18,
CUST_2866,2023-03-26,
CUST_2867,2023-06-27,
CUST_2868,2023-03-30,2024-03-24
CUST_2869,2023-11-14,
CUST_2870,2023-11-21,
CUST_2871,2023-06-01,2024-06-26
CUST_2872,2023-07-15,
CUST_2873,2023-07-18,
CUST_2874,2023-11-16,
CUST_2875,2023-03-19,2023-12-21
CUST_2876,2023-02-17,
CUST_2877,2023-09-25,
CUST_2878,2023-03-19,
CUST_2879,2023-03-05,
CUST_2880,2023-02-10,
CUST_2881,2023-01-01,
CUST_2882,2023-12-02,
CUST_2883,2023-04-21,
CUST_2884,2023-02-22,
CUST_2885,2023-11-18,
CUST_2886,2023-06-30,
CUST_2887,2023-11-08,
CUST_2888,2023-11-19,
CUST_2889,2023-08-14,
CUST_2890,2023-01-01,
CUST_2891,2023-09-17,
CUST_2892,2023-10-02,
CUST_2893,2023-04-04,
CUST_2894,2023-01-21,
CUST_2895,2023-04-25,
CUST_2896,2023-08-30,
CUST_2897,2023-09-27,
CUST_2898,2023-03-27,
CUST_2899,2023-01-14,
CUST_2900,2023-10-03,
CUST_2901,2023-02-14,
CUST_2902,2023-12-20,
CUST_2903,2023-08-03,
CUST_2904,2023-05-05,
CUST_2905,2023-02-13,
CUST_2906,2023-03-15,
CUST_2907,2023-07-10,
CUST_2908,2023-10-24,2025-01-03
CUST_2909,2023-01-11,
CUST_2910,2023-09-25,
CUST_2911,2023-03-20,
CUST_2912,2023-09-28,
CUST_2913,2023-02-24,
CUST_2914,2023-01-18,
CUST_2915,2023-09-18,
CUST_2916,2023-07-11,
CUST_2917,2023-07-31,
CUST_2918,2023-05-07,
CUST_2919,2023-08-04,
CUST_2920,2023-07-31,
CUST_2921,2023-05-01,
CUST_2922,2023-01-03,
CUST_2923,2023-01-06,
CUST_2924,2023-12-23,
CUST_2925,2023-08-28,2024-07-26
CUST_2926,2023-03-31,
CUST_2927,2023-08-28,
CUST_2928,2023-04-27,
CUST_2929,2023-05-29,
CUST_2930,2023-11-10,
CUST_2931,2023-03-21,
CUST_2932,2023-12-13,
CUST_2933,2023-02-10,2023-10-01
CUST_2934,2023-03-24,
CUST_2935,2023-01-05,
CUST_2936,2023-03-18,
CUST_2937,2023-09-07,
CUST_2938,2023-02-21,
CUST_2939,2023-06-19,
CUST_2940,2023-01-28,2024-06-27
CUST_2941,2023-06-01,
CUST_2942,2023-04-17,
CUST_2943,2023-03-08,
CUST_2944,2023-09-24,
CUST_2945,2023-02-23,
CUST_2946,2023-04-11,
CUST_2947,2023-01-05,
CUST_2948,2023-10-13,
CUST_2949,2023-09-20,
CUST_2950,2023-01-14,
CUST_2951,2023-12-31,
CUST_2952,2023-08-19,
CUST_2953,2023-04-04,
CUST_2954,2023-08-17,2024-04-11
CUST_2955,2023-05-12,
CUST_2956,2023-08-21,2024-05-06
CUST_2957,2023-06-16,
CUST_2958,2023-03-24,2023-12-20
CUST_2959,2023-08-09,
CUST_2960,2023-08-13,
CUST_2961,2023-08-09,
CUST_2962,2023-02-22,
CUST_2963,2023-03-29,
CUST_2964,2023-08-03,
CUST_2965,2023-10-28,
CUST_2966,2023-02-11,
CUST_2967,2023-08-20,
CUST_2968,2023-12-03,2024-11-02
CUST_2969,2023-12-09,
CUST_2970,2023-11-25,2024-12-12
CUST_2971,2023-07-31,
CUST_2972,2023-04-08,
CUST_2973,2023-05-06,
CUST_2974,2023-08-27,
CUST_2975,2023-06-19,2024-06-13
CUST_2976,2023-02-03,
CUST_2977,2023-03-11,
CUST_2978,2023-05-17,
CUST_2979,2023-04-12,
CUST_2980,2023-03-13,
CUST_2981,2023-12-30,2024-09-28
CUST_2982,2023-12-29,
CUST_2983,2023-03-05,
CUST_2984,2023-11-13,
CUST_2985,2023-05-02,
CUST_2986,2023-05-23,2024-08-21
CUST_2987,2023-09-08,
CUST_2988,2023-09-23,
CUST_2989,2023-06-03,
CUST_2990,2023-10-18,
CUST_2991,2023-08-28,2024-07-31
CUST_2992,2023-10-06,
CUST_2993,2023-11-18,
CUST_2994,2023-07-27,
CUST_2995,2023-03-28,
CUST_2996,2023-04-15,2024-03-19
CUST_2997,2023-12-09,
CUST_2998,2023-09-08,
CUST_2999,2023-10-14,
CUST_3000,2023-06-10,
